title,upload_time,uploader,view_count
Tathastu (HD) | Sanjay Dutt | Amisha Patel | Latest Bollywood Movies,2015-07-10T05:07:13Z,UCBOmfqgTZi7yDp4-3Lr_3lA,184911
ğŸ¥ THE PRESTIGE (2006) | Full Movie Trailer in HD | 1080p,2018-02-01T14:00:03Z,UCLlHQpMI6NCzSBRRT1_D7eA,270519
TENET BEHIND THE SCENES,2019-07-14T15:25:41Z,UCQ87SqI1D0oCZnk5tjm7AMw,391550
TENET - Official Trailer,2019-12-19T16:59:42Z,UCjmJDM5pRKbUlVIzDYYWb6g,27373206
TENET - Official Trailer (DK),2019-12-19T17:00:05Z,UCGGX8BDfRbRufK92rER2EKw,159460
TENET - Offizieller Trailer #1 Deutsch HD German (2020),2019-12-19T17:00:12Z,UCR88edMaCp9veFK6PVXyYpQ,1288643
TENET - Oficjalny zwiastun #1,2019-12-19T17:00:14Z,UC3KEiIZBtsTB6P7278uKuug,143581
TENET Trailer (2020),2019-12-19T17:09:14Z,UCLRlryMfL8ffxzrtqv0_k_w,428231
"TENET Trailer (2020) Robert Pattinson, Christopher Nolan Movie",2019-12-19T17:11:19Z,UCwYzZs_hwA6NdaQp6Hjhe5w,320791
Tenet Trailer #1 (2020) | Movieclips Trailers,2019-12-19T17:13:19Z,UCi8e0iOVk1fEOogdfu4YgfA,783149
Tenet Trailer Subtitulado EspaÃ±ol,2019-12-19T17:14:47Z,UCiSwi2LjbNZmkMAQ6mE3hpQ,125348
"TENET Bande Annonce VF (2020) Christopher Nolan, Robert Pattinson",2019-12-19T17:19:38Z,UC_i8X3p8oZNaik8X513Zn1Q,357823
Tenet Trailer REACTION,2019-12-19T18:06:36Z,UCAXR2zenCwvRIyQd9ydtfaA,179932
ë†€ë€ ê°ë… ì‹ ì‘ &#39;í…Œë„·(TENET)&#39; ì˜ˆê³ í¸ ë¶„ì„,2019-12-20T09:30:12Z,UCiiC3grOarOVIg5LZgXJnWw,43006
TENET Trailer German Deutsch (2020),2019-12-20T16:59:33Z,UCOL10n-as9dXO2qtjjFUQbQ,554151
ØªØ±ÙŠÙ„Ø± Ø±ÙŠØ§ÙƒØ´Ù† Ù„Ù„ØªØ±ÙŠÙ„Ø± Ø§Ù„Ø£ÙˆÙ„Ù‰ Ù„ÙÙŠÙ„Ù… Tenet Ù…Ù† ÙÙŠÙ„Ù… Ø¬Ø§Ù…Ø¯ | FilmGamed,2019-12-20T20:26:25Z,UCwiCyswBHPe50z7yGkDSDqw,82026
RÃ‰ACTION au TRAILER de Tenet &amp; ANALYSE d&#39;IMAGE,2019-12-21T09:00:01Z,UCcliHNE38fJ4n4gYYB0TCQw,84463
CONTROL // TENET - Trailer Mashup,2019-12-27T01:34:15Z,UC96v5m2ULdYrLhCaUn90K8A,536
Tenet - magyar szinkronos elÅ‘zetes #1 / AkciÃ³-thriller,2020-01-07T09:48:06Z,UCGSeTcbzYQWNdNRsaap1Tvg,62950
è¯ºå…°ã€ŠTENETã€‹é¢„å‘Šè§£æï¼Œæ—¶é—´å€’æµè„‘æ´æ¨æµ‹ï¼ŒæŸç§ç¥ç§˜å…ƒç´ å¯ä»¥åšåˆ°ï¼#å¤©èƒ½# #ä¿¡æ¡#,2020-01-13T10:48:34Z,UCkM0vZ9Q2ZxxRPORzTDI7eg,153177
TENET. Ğ¡ÑŠÑ‘Ğ¼ĞºĞ¸ Ğ² Ğ¢Ğ°Ğ»Ğ»Ğ¸Ğ½Ğµ.,2020-02-01T18:43:28Z,UCNU_khffZkSm-2-g3DbO0Dg,21096
Was ist TENET?,2020-03-05T16:00:11Z,UCHyt6whzbCcG18q3m4ws6jw,106376
TENET Trailer Music Version | Movie Trailer Soundtrack Theme Song,2020-03-30T20:52:10Z,UCsCkjlegBE3Du9PgIj-1hVw,48765
Tenet Prologue (Intro) - Music Mock-up,2020-05-17T09:42:27Z,UCITlB8D90gH9ykYYRZKpTWg,100403
Tenet 2nd Trailer Date Revealed,2020-05-21T01:38:45Z,UCYKFcFMvptXVo6DAJVkmUjQ,331
Christopher Nolan&#39;s TENET TV SPOT 1,2020-05-21T19:31:36Z,UC8tuGiK19INboun4xA_xe4w,384
TENET - NEW TRAILER,2020-05-22T00:06:58Z,UCjmJDM5pRKbUlVIzDYYWb6g,31613799
TENET Trailer 2 (2020) Christopher Nolan Movie [NEW],2020-05-22T00:22:40Z,UCuuU2L90sqhQahV1IkhCPaQ,91298
"Christopher Nolan&#39;s Tenet - Official Trailer 2 (2020) John David Washington, Robert Pattinson",2020-05-22T00:25:45Z,UCKy1dAqELo0zrOtPkf0eTMw,3468634
"TENET Bande Annonce VF 2 (NOUVELLE 2020) Robert Pattinson, Christopher Nolan",2020-05-22T00:29:06Z,UC_i8X3p8oZNaik8X513Zn1Q,669791
TENET - Trailer # 2 Sub EspaÃ±ol Latino 2020,2020-05-22T00:52:29Z,UCK7jimh-CJ5x6MVWEykqblw,143459
Tenet Trailer #2 (2020) | Movieclips Trailers,2020-05-22T00:55:07Z,UCi8e0iOVk1fEOogdfu4YgfA,644691
Fortnite - Tenet Trailer Revealed In Party Royale (Live Event),2020-05-22T01:09:37Z,UCbu2SsF-Or3Rsn3NxqODImw,68522
Tenet (2020) hlavnÃ­ trailer CZ HD,2020-05-22T05:45:11Z,UCrnvx9KJ8v63SODw082L3Ww,81740
Tenet | AltyazÄ±lÄ± Fragman 2,2020-05-22T07:17:06Z,UC-VzHiGl3Be3t3Z94OIwg4w,70162
TENET (2020) Novo Trailer LEG do filme de Christopher Nolan,2020-05-22T08:09:42Z,UCVXO1_7BI7cCJFdIqXKGhuA,5073
"TENET Official Trailer #2 (2020) Robert Pattinson, Christopher Nolan Movie HD",2020-05-22T08:56:42Z,UC1cVTv6C0Unv6TtadjBvYRA,385479
Â¿QueÌ significa Tenet? Todo sobre la nueva pelÃ­cula de Nolan,2020-05-22T14:00:19Z,UCN_CWpl70T3DgnfS9HjMfKQ,293874
Tenet Trailer 2 Reaction Mashup,2020-05-22T18:45:43Z,UC8P1VpkbxswgnQu1QHLvnIg,83419
SEGREDOS NOVO TRAILER DO NOLAN! TENET EXPLODE A CABEÃ‡A! #FiqueEmCasa #Comigo,2020-05-22T22:00:30Z,UCaSAM5kna2KyX-uVLSGr8PQ,63390
TENET Trailer 2 German Deutsch (2020),2020-05-23T06:16:03Z,UCOL10n-as9dXO2qtjjFUQbQ,479778
TENET: ANÃLISE COMPLETA - QUE TRAILER Ã‰PICO,2020-05-23T14:30:16Z,UCt_4wzTQqmcUvemNkeO0plA,196522
"Scream 5, Jurassic World Dominion, Tenet Trailer | Movie PODCAST",2020-05-26T08:39:00Z,UCmOBXGeybpJDnKNbA8bMsHg,771
Why Tenet is an Inception Sequel in Disguise,2020-05-28T08:24:13Z,UCF3BPX4_7ZSuVVWlkH18WpA,499673
TENET - Upcoming TV Spot | Esquire,2020-05-28T10:00:32Z,UCLPVHOw25Eu8CCKTxL5TgCA,73570
Tenet New Trailer Reaction,2020-05-28T22:45:38Z,UCLEfj4oLV5up5Dbt1Fe8fWQ,94128
NOLAN GOKIL !! PENJELASAN KONSEP INVERSION / TIME REVERSE DI FILM TENET | TENET TRAILER #2 BREAKDOWN,2020-05-29T09:38:03Z,UCg1la89F2H7B0SJ0uwyaw9g,55827
PENJELASAN KONSEP TIME REVERSAL / INVERSION VERSI NOLAN | TENET TRAILER BREAKDOWN,2020-05-29T09:50:10Z,UCzDoEopFoLVcrObF3bV7qUA,36484
à¹à¸à¸°à¸•à¸±à¸§à¸­à¸¢à¹ˆà¸²à¸‡ TENET à¹„à¸‹à¹„à¸Ÿà¸¥à¹‰à¸³à¹‚à¸¥à¸à¸ˆà¸²à¸ Christopher Nolan #JUSTà¸”à¸¹IT,2020-05-29T11:11:05Z,UCiVK9AJnnZdftWbJ_ThRlww,220261
TENET TV Spot IN LEGO,2020-05-30T05:00:18Z,UCiv_ykHMpSxM6bjwNKiWc1A,2198
à¸ªà¸£à¹‰à¸²à¸‡à¸ˆà¸´à¸™à¸•à¸™à¸²à¸à¸²à¸£à¸”à¹‰à¸§à¸¢ â€œà¸‚à¸­à¸‡à¸ˆà¸£à¸´à¸‡â€ (à¸‰à¸šà¸±à¸š NO CGI) [ Viewfinder : TENET à¹€à¸—à¹€à¸™à¹‡à¸— ],2020-05-30T15:51:17Z,UC5oCQGhzMwXIOSW6UfB6wbA,168619
TENET ( Time Travel ) : The Great Breakdown | à®‡à®¤à¯à®µà®°à¯ˆ à®¯à®¾à®°à¯à®®à¯ à®šà¯Šà®²à¯à®²à®¾à®¤ à®•à®¾à®²à®ªà¯à®ªà®¯à®£à®®à¯| MM | Nolan | SM.Bros,2020-05-31T03:44:21Z,UCCEQKydMgEFIXA4XDshj0CA,528994
Entendendo o trailer de Tenet!,2020-06-03T21:05:41Z,UCmEClzCBDx-vrt0GuSKBd9g,342031
TENET new TV Spot,2020-06-11T06:41:13Z,UCgxxM5h0LDbw2M1Bcf2z0IA,30165
"Termodinamica, Entropia, Jovem Nerd e TENET!",2020-06-13T13:30:04Z,UCV8ZgEjwdNnZC4_FJtdDFCg,42675
"John David Washington, Robert Pattinson, &amp; Elizabeth Debicki Dish On &#39;Tenet&#39; | Entertainment Weekly",2020-06-18T16:29:50Z,UClWCQNaggkMW7SDtS3BkEBg,747446
âœ… Ver TENET Mejor Pelicula de Estreno 2020 â© Completa en EspaÃ±ol Latino HD,2020-06-20T16:25:40Z,UCB6Mz_vEkCuenL-oF3KXq6w,37568
TENET - New Footage (International TV Spot),2020-06-29T15:07:14Z,UC_P6A9psefud05jEB8hoDtA,25206
æ˜ ç”»ã€TENET ãƒ†ãƒãƒƒãƒˆã€30ç§’äºˆå‘Š,2020-07-02T23:54:15Z,UCSrwpEM8lBM4jR5YoKX3XOQ,658251
TENET Time Inversion TOO CONFUSING? Nolan Film Secrets Revealed! | Big Question,2020-07-05T20:59:48Z,UC7yRILFFJ2QZCykymr8LPwA,85588
What is a Tenet? -The Weekly Planet Podcast animated,2020-07-06T15:38:37Z,UCapVUi4ogZ4ODeX1e8yR-qw,234
TENET - Official International TV Spot Music &quot;New Footage&quot; (Music Trailer Version),2020-07-08T09:35:11Z,UCkpy9dq8wSaBus38WnUQ2wQ,619
Tenet,2020-07-13T08:35:00Z,UC1156HwpKOs5lOf5c0XNEtA,1620
TENET - NEW TRAILER 2020,2020-07-14T01:15:08Z,UCobDzrq4d5oG5cho5Cbwf1w,7098
TENET (2020) Trailer 2 Nickelback,2020-07-17T17:11:44Z,UC_SAkQzan606e8RerAFPkTg,229
Analisando as Cenas IncrÃ­veis de TENET!,2020-07-27T23:30:02Z,UCeDiAzrRH_j21kCJhF-cNlg,11608
TENET VA NOUS SAUVER ! (peut-Ãªtre),2020-07-29T13:00:20Z,UCKpRJZK14ZH7ffHtXMwPcTg,95298
"Dune 2020, Thor 4: Love And Thunder, Tenet, Hawkeye... KinoCheck News",2020-08-01T09:23:03Z,UCLRlryMfL8ffxzrtqv0_k_w,98631
Rogue,2020-08-04T07:28:22Z,UC6SVVIVfv4k-dszA9MsoIKA, 
TENET - Exclusive Official New Trailer (2020),2020-08-06T18:46:41Z,UCTZq5SnFESaBeUGYFMrC7RA,45667
IMAX Tenet film testing,2020-08-07T15:00:51Z,UCcJdXwnTMaZjBwbkdjDEszA,14121
Ludwig Goransson - Main Theme || TENET Official Trailer Soundtrack || Score || 432Hz || HQ | 2020 ||,2020-08-09T12:07:58Z,UCLAt30tJuYyrHqAO49S-nPw,83045
TENET - reklaamklipp. Kinodes 26. augustist.,2020-08-11T07:24:11Z,UCVjpTShAvFtfIrfxD2SZYWA,126866
Official Watch of TENET I Hamilton Watch,2020-08-17T15:54:37Z,UCNBC0extnKPDn7goMgbosng,15761072
TENET - DAL 26 AGOSTO AL CINEMA,2020-08-18T10:00:13Z,UCIQ5iN8wzGkKyXJeX6eR50Q,1112486
Top 10 Craziest Fan Theories About Tenet,2020-08-19T16:00:04Z,UCaWd5_7JhbQBe4dknZhsHJg,54164
æ˜ ç”»ã€TENET ãƒ†ãƒãƒƒãƒˆã€ãƒ¬ã‚¸ã‚§ãƒ³ãƒ‰äºˆå‘Š,2020-08-20T23:51:25Z,UCSrwpEM8lBM4jR5YoKX3XOQ,1562637
TENET Kritik Review (2020),2020-08-21T16:00:14Z,UCaH02uiAaEbNmNjEfN0NT_w,184105
Tenet Review,2020-08-21T16:00:16Z,UCKy1dAqELo0zrOtPkf0eTMw,534462
CrÃ­tica &#39;Tenet&#39;,2020-08-21T16:00:20Z,UCJYVHccXMzmaYeqDglwtRdA,214906
TENET - Finaler Trailer #4 Deutsch HD German (2020),2020-08-22T03:24:24Z,UCR88edMaCp9veFK6PVXyYpQ,1909833
TENET - Trailer Final,2020-08-22T03:24:40Z,UCu-cVVMn41qUA-pwdEhNqhg,416136
TENET - Son Fragman,2020-08-22T03:24:59Z,UCyu-XKsG4pABh4RgpdUAhxQ,330826
TENET - Final Trailer,2020-08-22T03:25:00Z,UCjmJDM5pRKbUlVIzDYYWb6g,14516589
Travis Scott - The Plan (From the Motion Picture &quot;TENET&quot; - Official Visualizer),2020-08-22T04:00:04Z,UClRx3MMyYUyqOxyEqA5F2nQ,4951948
Travis Scott - The Plan (From the Motion Picture &quot;TENET&quot; - Official Audio),2020-08-22T04:00:05Z,UClRx3MMyYUyqOxyEqA5F2nQ,10340759
"TENET Final Trailer (2020) Robert Pattinson, Christopher Nolan Movie HD",2020-08-22T04:18:36Z,UCzcRQ3vRNr6fJ1A9rqFn7QA,458887
Tenet Final Trailer (2020) | Movieclips Trailers,2020-08-22T04:47:52Z,UCi8e0iOVk1fEOogdfu4YgfA,406615
TENET Final Trailer (2020),2020-08-22T11:36:52Z,UCLRlryMfL8ffxzrtqv0_k_w,249184
Why you should watch TENET,2020-08-22T14:39:02Z,UC-WjI6tpHskjQuFZTDQgeqg,716
MaJeliv Reactions: TENET - FINAL TRAILER REACTION || Will we watch this in IMAX?,2020-08-22T20:00:01Z,UCwX9bQ8RVbOISgm_Uipnvqw,72813
TENET â€“ Trailer Finale,2020-08-23T08:01:06Z,UCIQ5iN8wzGkKyXJeX6eR50Q,568398
à¸£à¸¹à¹‰à¹„à¸§à¹‰à¸à¹ˆà¸­à¸™à¸”à¸¹ TENET à¹‚à¸¥à¸à¹à¸«à¹ˆà¸‡à¸ˆà¸²à¸£à¸Šà¸™à¹€à¸«à¸™à¸·à¸­à¹€à¸§à¸¥à¸²à¸‚à¸­à¸‡ Christopher Nolan #JUSTà¸”à¸¹IT,2020-08-23T09:00:14Z,UCiVK9AJnnZdftWbJ_ThRlww,452496
TENET - Critique ! Nolan est-il allÃ© trop loin ? (Spoiler Ã  13:13),2020-08-23T15:05:44Z,UCEw1kZ_UNotqLEaW9dqPeVQ,82812
Christopher Nolan Ù…Ø®Ø±Ø¬ ÙÙŠÙ„Ù… TENET ÙŠÙƒØ´Ù Ù„Ø±ÙŠØ§ ÙƒÙŠÙ ÙƒØ§Ù† Ù‡Ù†Ø§Ùƒ ØªØ­Ø¯ÙŠ ÙƒØ¨ÙŠØ± Ù„Ø¥Ø®Ø±Ø§Ø¬ Ø§Ù„ÙÙŠÙ„Ù… Ø¨Ù‡Ø°Ù‡ Ø§Ù„ØµÙˆØ±Ø©,2020-08-23T19:01:13Z,UCC22GST1xmjAYNs8D_n6Vyw,7478
Tenet Stars Robert Pattinson &amp; John David Washington Play Castmates 101 | MTV Movies,2020-08-24T16:27:13Z,UCuwUfM8E79h2sqp34Fut6kw,279802
TENET â€¢ Primeras impresiones SIN SPOILERS,2020-08-24T17:37:50Z,UC9CSMPZVEfNvRFEwrd2Wt_Q,22564
Tenet TV Spot 16,2020-08-24T19:16:51Z,UCpK8E2G8cPaRE8WdfP-wBqA,1993
"Tenet, la recensione - Il cinema di Christopher Nolan elevato al quadrato (no spoiler)",2020-08-25T11:09:27Z,UCmKksBY83SV5wffUNsj7jBg,37026
TENET : notre critique sans spoil,2020-08-25T12:16:41Z,UCp8CElQTorSmhH_jVgSSv5g,118624
Endlich im Kino! TENET von Christopher Nolan,2020-08-25T14:00:03Z,UCtF6G9azNVPQsV1TXdDhYjQ,34427
Tenet â€“ Das musst du Ã¼ber Inversion und Zeitumkehrung wissen!,2020-08-25T14:03:33Z,UCOidlT_g7LMXlLkiGK6aTdw,9438
"26 AÄŸustos Vizyon Tarihi ile TENET Christopher Nolen, aklÄ± sorgulamaya davet ediyor.",2020-08-25T14:14:57Z,UCYBGTQLV31OrVnER8yhidkg,70
TENET à¸à¸±à¸šà¸à¸²à¸£à¹€à¸à¹‡à¸šà¸„à¸§à¸²à¸¡à¸¥à¸±à¸šà¸‚à¸­à¸‡ Nolan - Why Must See à¹„à¸¡à¹ˆà¸”à¸¹à¹„à¸¡à¹ˆà¹„à¸”à¹‰à¹à¸¥à¹‰à¸§ à¸•à¸­à¸™à¸—à¸µà¹ˆ 105,2020-08-25T14:18:05Z,UCWX-AbDUDdbWij4H0E8Msuw,35446
TENET - CRITIQUE,2020-08-25T15:30:01Z,UCz0yrDEjbd68clSkcWbYXwA,71854
TENET critique et ANALYSE (SPOILERS Ã  06:51) [EXPLICATION &amp; ThÃ©orie] - AmerVlog #77,2020-08-25T15:30:03Z,UC_qblcfchRWIXCPT1y3LhLQ,24994
Nem Ã©rted? HÃ¡t Ã©rezd! - Tenet kritika,2020-08-25T16:01:05Z,UC3UX8a0QJFBvlQ74NCpKTkw,55807
Entrevista a CHRISTOPHER NOLAN por &#39;TENET&#39; | CHRISTOPHER NOLAN INTERVIEW,2020-08-25T16:29:34Z,UCJYVHccXMzmaYeqDglwtRdA,71902
Bogozd ki! - #Tenet ğŸ¬,2020-08-25T20:26:43Z,UCYufxNN4JYBVQ7zL1Khb7sQ,52227
BEYÄ°N YAKAN FÄ°LM: Tenet Ä°nceleme,2020-08-25T20:43:26Z,UCPIWehw43V2ZP-K8-qbkpRQ,335359
Kenneth Branagh on Christopher Nolan&#39;s surprising advice for his TENET villain,2020-08-25T22:48:42Z,UCNUSbBDoOZoRUzWIvOYZsxA,17055
æ˜ ç”»ã€TENET ãƒ†ãƒãƒƒãƒˆã€ã‚¹ãƒˆãƒ¼ãƒªãƒ¼äºˆå‘Š,2020-08-26T03:21:02Z,UCSrwpEM8lBM4jR5YoKX3XOQ,955012
TENET - Movie Review,2020-08-26T12:00:13Z,UCv-C5dAZhKXtG7qJhDd2dhA,36071
"Báº­t MÃ­ TENET, Giáº£ Thuyáº¿t &amp; Dá»± ÄoÃ¡n",2020-08-26T12:01:49Z,UCAJ9i1NhhlnosAGu7QcBEtw,131164
MovieBlog- 740: Recensione Tenet (SENZA SPOILER),2020-08-26T13:08:54Z,UCIfXF2g-jES4VTAPQzgIRUw,104999
Tenet Ending Explained,2020-08-26T13:12:09Z,UCKy1dAqELo0zrOtPkf0eTMw,188912
Tenet (2020) recenze od Torena (Jakub Neumann),2020-08-26T14:00:09Z,UCrnvx9KJ8v63SODw082L3Ww,7724
Time for Tenet Challenge #TikTok Compilation,2020-08-26T14:42:03Z,UCBmFHMpZyrgeI2iBnPhLcqw,1076
TENET - CRITIQUE ! Les limites de Christopher Nolan,2020-08-26T15:01:47Z,UCZKa1gQ-VZgDOxWJojByXyQ,89288
Ù…Ù†Ø§Ù‚Ø´Ø© ÙÙŠÙ„Ù… Ø§Ù„Ù…Ù†ØªØ¸Ø± Ù„ÙƒØ±ÙŠØ³ØªÙˆÙØ± Ù†ÙˆÙ„Ø§Ù† Ø§Ù„Ø¬Ø¯ÙŠØ¯ &quot; ØªØ§Ù†ÙŠØª&quot;  Ø¨Ø¯ÙˆÙ† Ø­Ø±Ù‚ | T E N E T,2020-08-26T15:47:59Z,UCFo0CfTq0pr7R920LZtdd0Q,64721
TENET erklÃ¤rt | Filmanalyse,2020-08-26T16:00:04Z,UCGluohhd7DnKwSGy8mZtPTQ,94086
Cast Of Tenet Had To Learn Ridiculous Talent... | Interview | Capital,2020-08-26T16:00:11Z,UCZzwjZPc6R_PbnDgFVMwlvQ,201425
TENET - Za kulisami,2020-08-26T16:10:00Z,UC3KEiIZBtsTB6P7278uKuug,7477
TENET- DetrÃ¡s de Escena - Exclusivo,2020-08-26T16:10:00Z,UCu-cVVMn41qUA-pwdEhNqhg,41835
TENET- Behind the Scenes Exclusive,2020-08-26T16:10:48Z,UCjmJDM5pRKbUlVIzDYYWb6g,2501750
Tom Cruise Goes Undercover To See â€˜Tenetâ€™ At Movie Theater,2020-08-26T16:34:10Z,UCiKGMZZmZXK-RpbKJGXgH3Q,581230
NOLAN KENDÄ°SÄ°NÄ° AÅTI: Tenet Ä°ncelemesi ğŸ˜²,2020-08-26T16:38:14Z,UCysfnVku26Va11P7G12xSsw,12572
TENET VÃ‰LEMÃ‰NY - &quot;Ain&#39;t nobody got time for that!&quot;,2020-08-26T17:13:05Z,UCu1-E-9ei9PHFMiMe608m_g,19675
Tenet Film Review (2020),2020-08-26T17:47:48Z,UCIUUmjFnVeVSAi8HoYL-tzQ,72709
TENET Ending Explained Breakdown + How Time Inversion Works &amp; Story | Full Movie Spoiler Review,2020-08-26T18:16:47Z,UCq3hT5JPPKy87JGbDls_5BQ,614088
TENET recenzja,2020-08-26T20:28:00Z,UCUpLH2rKp-GK9MWWLvc9RxQ,4226
&quot;GENIUS!&quot; Christopher Nolan and the Tenet cast on crashing planes and running up buildings.,2020-08-26T21:13:08Z,UC-FQUIVQ-bZiefzBiQAa8Fw,503888
TENET to od tyÅ‚u ADUN,2020-08-26T21:39:50Z,UCAPX55k_DK-mjhCY-zQ-klw,23354
TENET | Warum der Film so schlecht geworden ist,2020-08-26T22:28:19Z,UCJSG-eQMVC9mXGva1YTDJDg,8025
Ya he visto TENET. O... o no. No lo sÃ©. OpiniÃ³n SIN SPOILERS.,2020-08-26T22:47:29Z,UCM8KpBHVy_luxLQV7KoXFtA,96536
TENET Movie Full EXPLAINED IN HINDI,2020-08-27T03:48:57Z,UCw5LtE-P30NFQKk1cYZ4Qug,60398
Vlog #636 - TENET,2020-08-27T08:00:05Z,UCcliHNE38fJ4n4gYYB0TCQw,239777
à¸£à¸µà¸§à¸´à¸§à¸«à¸™à¸±à¸‡ | TENET à¹€à¸—à¹€à¸™à¹‡à¸— | à¹‚à¸„à¸•à¸£à¸«à¸™à¸±à¸‡à¸—à¸°à¹€à¸¢à¸­à¸—à¸°à¸¢à¸²à¸™à¹à¸«à¹ˆà¸‡à¸›à¸µ,2020-08-27T09:00:00Z,UCfCRD9CMX-FE59bE1t4DKoQ,209102
Tenet - Movie Review,2020-08-27T09:01:46Z,UCphpXrSzwstawKLXv8fctiA,303
ã€æš´é›·ã€‘è©³ç´°è§£é‡‹å¤©èƒ½(Tenet)â€”æ—‹è½‰é–€ã€æ¼”ç®—æ©Ÿåˆ°åº•æ˜¯ä»€éº¼ï¼æœªä¾†ç™¼ç”Ÿä»€éº¼ Rules of time inversion in Tenet explained,2020-08-27T10:00:13Z,UCzAOdjLlfyW19t8PtG1f7MA,182218
Tenet : à¹€à¸‚à¹‰à¸²à¹ƒà¸ˆ ? à¹à¸•à¹ˆà¹„à¸¡à¹ˆà¸£à¸¹à¹‰à¹€à¸£à¸·à¹ˆà¸­à¸‡ ?,2020-08-27T11:15:36Z,UC9b9KpewX_rIZcVk0mUZwng,47550
Tenet - najsÅ‚abszy film Nolana?,2020-08-27T11:45:00Z,UCtecHyLSXoL3P-xgFsbQh-g,71113
Kan &#39;Tenet&#39; dit filmjaar redden?,2020-08-27T12:25:13Z,UC6GPQUpeYlyvgF87gigj73w,242
Unge REAGIERT auf Deutsche Memes &amp; TENET Trailer | #ungeklickt,2020-08-27T12:27:23Z,UCcn4UOBvB0W2HjCcLFLuu2w,518447
Tenet - Movie Review,2020-08-27T13:00:02Z,UCCqEeDAUf4Mg0GgEN658tkA,1172792
TENET | SEM SPOILERS | CrÃ­tica do Filme,2020-08-27T13:30:04Z,UCZul8BIk77bbVsPBW7ass6A,6650
ã€Šå¤©èƒ½ã€‹çœ‹å‰å¿…æ³¨æ„çš„äº”å¤§åŠ‡æƒ…ç·šç´¢ | çœ‹ç‰‡æ”»ç•¥ | è¶…ç²’æ–¹ | Tenet,2020-08-27T14:00:11Z,UC0Q-fBheHysYWz9ObSEzMdA,224963
TENET - DARUM ist dieser Film so GENIAL! (Kritik ohne Spoiler),2020-08-27T15:00:11Z,UCPiI104i7lyG--fkr3LZTtA,171903
LA VÃ‰RITÃ‰ SUR LA FIN DE TENET,2020-08-27T16:00:13Z,UCLz6B7LxOdwgHbcgFi_hpQQ,134662
CRITIQUE - TENET (spoils Ã  partir de 12:40),2020-08-27T16:00:18Z,UCCMxHHciWRBBouzk-PGzmtQ,452798
TENET recenzja na odwrÃ³t â® Kinomaniaka,2020-08-27T16:48:11Z,UCYnNeZjU0r92oQjYyZH8Iuw,33877
TENET: PERDE ARALANDI NOLAN&#39;IN DONU GÃ–ZÃœKTÃœ! // Spoiler&#39;lÄ± Ä°nceleme,2020-08-27T17:00:01Z,UCKkeveNcsI3POExhFO_yg1A,32883
Tenet - Recenzja #550,2020-08-27T17:19:31Z,UC1DrGABDv7XXG-qoZQktqkQ,63930
TENET   recenzija na film iliti OSVRT,2020-08-27T18:30:03Z,UC-GWO0eo78mY0o3iEkle7HA,8578
Tenet (bez spoilerÃ³w) â˜…SzybkieRecenzje,2020-08-27T18:51:45Z,UCfTuU60bDStXNmKfOizVO9Q,13563
TENET SPIEGATO: L&#39;ENIGMA DEL SATOR,2020-08-27T19:00:36Z,UCIfXF2g-jES4VTAPQzgIRUw,80300
Ù…Ø±Ø§Ø¬Ø¹Ø© ÙÙŠÙ„Ù… &quot;Tenet&quot; Ø¨Ø§Ù„Ø¹Ø±Ø¨ÙŠ ÙˆØ¨Ø¯ÙˆÙ† Ø­Ø±Ù‚ | FilmGamed,2020-08-27T19:28:07Z,UCwiCyswBHPe50z7yGkDSDqw,133106
TENET | Christopher Nolan y el cine comercial,2020-08-27T21:00:24Z,UCiMTyGpwgqp_dmNWv-y0tfQ,72316
CrÃ­tica | TENET - O que eu gostei e o que me incomodou...,2020-08-27T21:25:13Z,UCtW6JCKs-OGy1C-Dcx5W23A,6300
[Review] Tenet - Cá»±c ká»³ xoáº¯n nÃ£o,2020-08-28T01:00:04Z,UCL-djBSBFeaSZHt3Ud817lg,25196
à¸„à¸³à¸­à¸˜à¸´à¸šà¸²à¸¢ à¸„à¸¥à¸²à¸¢à¸›à¸¡à¹€à¸™à¸·à¹‰à¸­à¹€à¸£à¸·à¹ˆà¸­à¸‡ : Tenet - à¹€à¸—à¹€à¸™à¹‡à¸—,2020-08-28T06:19:29Z,UC9b9KpewX_rIZcVk0mUZwng,222017
Behind the scenes TENET and the Hamilton Khaki Belowzero I Hamilton Watch,2020-08-28T08:23:05Z,UCNBC0extnKPDn7goMgbosng,416239
Review Filem - TENET,2020-08-28T08:38:46Z,UCSkOqbajcG6-jguycOHzhDg,51999
TENET: SPIEGAZIONE + ANALISI CON SPOILER del FILM di CHRISTOPHER NOLAN,2020-08-28T09:01:33Z,UCTOE6P6VawBF852RUaAWCNQ,26220
TENET SPOÄ°LERSÄ°Z Ä°NCELEME | SON ZAMAN BÃœKÃœCÃœ NOLAN !,2020-08-28T09:09:14Z,UCtG5VTskHyDc0usCaus93dA,5506
à¸„à¸§à¸²à¸¡à¸£à¸¹à¹‰à¸ªà¸¶à¸à¸«à¸¥à¸±à¸‡à¸”à¸¹ TENET [ à¸«à¸™à¸­à¸™à¸«à¸™à¸±à¸‡à¸•à¸´à¸”à¹€à¸£à¸— ],2020-08-28T10:09:09Z,UCoIJ1J6y9XhSupWF2PjAeIA,80771
Utat vÃ¡gni a kÃ¡oszba - SPOILERES Tenet kibeszÃ©lÅ‘,2020-08-28T11:00:16Z,UC3UX8a0QJFBvlQ74NCpKTkw,23455
Filmment - à¸­à¸˜à¸´à¸šà¸²à¸¢à¸—à¸¤à¸©à¸à¸µ â€œà¸à¸²à¸£à¸¢à¹‰à¸­à¸™à¸à¸¥à¸±à¸šà¸‚à¸­à¸‡à¹€à¸§à¸¥à¸²â€ à¸ˆà¸²à¸ TENET à¹à¸šà¸šà¹€à¸‚à¹‰à¸²à¹ƒà¸ˆà¸‡à¹ˆà¸²à¸¢à¹‚à¸”à¸¢ Filmment,2020-08-28T12:03:11Z,UC4SaP9EAPdc2sSbc7b-hpIw,32527
Ù…Ø±Ø§Ø¬Ø¹Ø© ÙˆØ´Ø±Ø­ ÙÙŠÙ„Ù… TENET,2020-08-28T12:10:58Z,UCoIVJoJ9rjaLkosOcbXgaRg,32953
Recenze filmu: TENET,2020-08-28T12:25:21Z,UCoPysvf6UanmKPSdmD-vHhQ,24360
Tenet Trailer with Eggs,2020-08-28T13:00:05Z,UCMjvZKVdWn0W530N2j329fA,145
Ù…Ø±Ø§Ø¬Ø¹Ø© ÙÙ„Ù… TENET,2020-08-28T13:06:21Z,UCTFudzu0dUatBTpkMtK_Z8w,258167
"Wçœ‹é›»å½±_TENETå¤©èƒ½(Tenet, ä¿¡æ¢)_é‡é›·å¿ƒå¾—",2020-08-28T13:51:48Z,UCHpwj_AsgvrlqSyUsp2rw8Q,160673
TENET Time Inversion Explained + The Movie&#39;s Timeline,2020-08-28T14:27:25Z,UCq3hT5JPPKy87JGbDls_5BQ,309312
"Tenet Ending: What Happens, And What It Means",2020-08-28T14:40:53Z,UCq-O4Sq5kfgFgJN2jcgo8hw,70010
40 CURIOSIDADES TENET &amp; Final Explicado ğŸ¤¯ | CuriosiFilms,2020-08-28T18:51:24Z,UCf2LQvEnpdXliBwbPXWMZiw,34705
Review TENET [ Viewfinder à¸£à¸µà¸§à¸´à¸§ : à¹€à¸—à¹€à¸™à¹‡à¸— ],2020-08-29T00:30:11Z,UC5oCQGhzMwXIOSW6UfB6wbA,159871
TENET full breakdown - plot &amp; story EXPLAINED | Cloudy TV,2020-08-29T07:24:42Z,UCpxtE-P6iw_XJ21LI7IZjvQ,66894
TENET | Critique Ã  chaud (spoilers Ã  16:19),2020-08-29T08:15:00Z,UCouHAi3jWpC8lAqsoeM_zOA,76041
TENET kritika avagy miÃ©rt nem a legjobb Nolan film?,2020-08-29T09:02:35Z,UC2y6UbFZn3UHkSrQmvXW2XA,1735
TENET Explained: How to Beat the &quot;TIME INVERSION&quot;,2020-08-29T13:08:06Z,UCfcQPMZg4tNk6tKUTHbAr0g,176250
Tenet: le reazioni del pubblico di Arcadia Cinema!,2020-08-29T13:08:16Z,UCf-e6YbQXvjY64TKq3-xDvg,7422
Was Nolan uns sagen will: TENET â€“ Kritik &amp; Analyse,2020-08-29T13:08:51Z,UCN29LJGZ8FY30ysxdTnDsaw,93546
Spoiler&#39;lÄ± Ä°nceleme TENET Ä°nceleme Spoiler&#39;lÄ±,2020-08-29T14:15:11Z,UCCYblpUiRb-au5sPsW4BDkQ,17153
à¸—à¸µà¹ˆà¸ªà¸¸à¸”à¸‚à¸­à¸‡à¸„à¸§à¸²à¸¡ â€œà¸—à¸°à¹€à¸¢à¸­à¸—à¸°à¸¢à¸²à¸™â€ à¹ƒà¸™à¸§à¸‡à¸à¸²à¸£à¸ à¸²à¸à¸¢à¸™à¸•à¸£à¹Œ  [ Viewfinder : TENET à¹€à¸—à¹€à¸™à¹‡à¸— ],2020-08-29T15:39:11Z,UC5oCQGhzMwXIOSW6UfB6wbA,93771
"TENET - prod.2020, reÅ¼. Christopher Nolan - wideorecenzja Tomasza Raczka",2020-08-29T17:57:55Z,UCOFENeirJL1PRqVojCK5dCA,38781
TENET : GÃ©nie ou Foutage de gueule ? Critique et Explications,2020-08-29T20:44:46Z,UCZeyUZmGAyRLDfM2ir3q-OQ,277254
TENET Recensione NO SPOILER + Spiegazione con spoiler ğŸ¤”,2020-08-29T21:16:30Z,UC_FaoEnCojZYsumBP_MFgfw,59060
TENET - (The Batman),2020-08-30T08:51:18Z,UCz15zcKZa2OR-9wJDjCzaFA,147
"TENET, EXPLICADA | FÃCIL DE ENTENDER",2020-08-30T10:07:17Z,UCINRdnOR5w5NjdAiXMBAN6g,40610
ã€çµå±€è§£èªªã€‘å¤©èƒ½|TENET|ä½ å¯èƒ½å¿½ç•¥çš„ç´°ç¯€|å¿ƒå¾—|éš±è—æ„ç¾©|é»è©•|è¬äººè¿·é›»å½±é™¢|ä¿¡æ¡| TENET Ending explained,2020-08-30T12:46:20Z,UC6rPKxdlOSh-mo-QvMXBqtg,256987
Review TENET,2020-08-30T13:36:26Z,UCAJ9i1NhhlnosAGu7QcBEtw,263682
Christopher Nolan&#39;Ä±n TENET Filmi NasÄ±l? (2020) SpoilersÄ±z Film Ä°ncelemesi,2020-08-30T15:23:10Z,UC3jKkmwbXRxOFIy-PYmf54g,15235
Time Travel Possible? Avengers Endgame vs Tenet (8 Types Explained),2020-08-30T19:00:04Z,UC7yRILFFJ2QZCykymr8LPwA,121640
à¸£à¸µà¸šà¸£à¸µà¸§à¸´à¸§ TENET à¸«à¸™à¸±à¸‡à¸ªà¸²à¸¢à¸¥à¸±à¸š..à¸à¸¢à¸±à¸„à¸†à¹Œà¸£à¹‰à¸²à¸¢à¹à¸šà¸šà¸‰à¸šà¸±à¸š Nolan! #JUSTà¸”à¸¹IT,2020-08-31T04:00:06Z,UCiVK9AJnnZdftWbJ_ThRlww,170936
TENET à¸„à¸¸à¸¢à¸—à¸¤à¸©à¸à¸µà¸¢à¹‰à¸­à¸™à¹€à¸§à¸¥à¸²à¸†à¹ˆà¸²à¸›à¸¹à¹ˆ Grandfather ParadoxâŒšà¹à¸¥à¸° à¸„à¸§à¸²à¸¡à¸ˆà¸´à¹‰à¸™à¸à¸£à¸°à¹€à¸­à¸à¸à¸±à¸šà¸œà¸¹à¹‰à¸Šà¹ˆà¸§à¸¢â¤ï¸ / à¸£à¸µà¸§à¸´à¸§à¸«à¸™à¸±à¸‡,2020-08-31T05:00:06Z,UCbE_wKoRtLpXR7Q8yQ8-uFg,9682
TENET i lotniska w Radomiu,2020-08-31T06:00:17Z,UCb3--IKEo6iCDxDc6dr28UA,301
æ˜ ç”»ã€TENET ãƒ†ãƒãƒƒãƒˆã€ãƒ¡ãƒƒã‚»ãƒ¼ã‚¸ä»˜ãã‚¹ãƒšã‚·ãƒ£ãƒ«äºˆå‘Š,2020-08-31T09:34:52Z,UCSrwpEM8lBM4jR5YoKX3XOQ,57484
TENET - EP.1 à¸›à¸£à¸±à¸šà¸„à¸§à¸²à¸¡à¹€à¸‚à¹‰à¸²à¹ƒà¸ˆ + à¸­à¸˜à¸´à¸šà¸²à¸¢à¸ à¸²à¸£à¸à¸´à¸ˆà¸—à¸µà¹ˆà¸à¸£à¸°à¹€à¸­à¸à¹€à¸‚à¹‰à¸²à¹„à¸›à¸—à¸³à¹ƒà¸™ Kiev Opera House - à¸ªà¸›à¸­à¸¢,2020-08-31T11:03:39Z,UCUINX94iCT6aWWII-02jRkQ,61523
GIáº¢I THÃCH BOM Táº¤N HACK NÃƒO &#39;TENET&#39; - Äáº£o ngÆ°á»£c thá»i gian báº±ng cÃ¡ch nÃ o?,2020-08-31T13:20:06Z,UCUFwsx9vRM5ZKtLypjIk1sw,16013
J&#39;ai vu le film Tenet.  Ma critique.,2020-08-31T13:21:52Z,UCwgMd_OFXKN-aJDihEp-tIg,83
"John David Washington talks about new film, &#39;Tenet&#39; l GMA",2020-08-31T14:26:26Z,UCH1oRy1dINbMVp3UFWrKP0w,22198
"Cinema | Tenet, la recensione [spoiler]",2020-08-31T14:26:48Z,UCf-e6YbQXvjY64TKq3-xDvg,28433
TENET: Die Fortsetzung von INCEPTION? Antwort zur wilden Fan-Theorie!,2020-08-31T15:00:24Z,UCPiI104i7lyG--fkr3LZTtA,52714
TENET Music Video | The Plan - Travis Scott,2020-08-31T15:48:35Z,UCOnuuCPt3SCB5El-WiNiXMA,33902
Tenet - La nostra spiegazione del nuovo film di Christopher Nolan,2020-08-31T16:53:34Z,UCmKksBY83SV5wffUNsj7jBg,61493
TENET Interview: Christopher Nolan and John David Washington Talk Time-Bending Thriller,2020-08-31T20:32:21Z,UCnNZAVbeGwkRfgApKPH507Q,63988
Tenet - CrÃ­tica do filme (sem spoilers),2020-08-31T20:42:05Z,UCCYCzL7IuMho0bHYYJ3Cuyw,39577
Tenet Explained By a Physicist,2020-08-31T22:28:48Z,UCx4lkon7W748YBujnPpH7PQ,94913
æ˜ ç”»ã€TENET ãƒ†ãƒãƒƒãƒˆã€15ç§’ã‚³ãƒ¡ãƒ³ãƒˆäºˆå‘Šï¼ˆGACKTç·¨ï¼‰,2020-09-01T03:14:15Z,UCSrwpEM8lBM4jR5YoKX3XOQ,5173
TENET - Movie Review,2020-09-01T11:13:35Z,UC7v3-2K1N84V67IF-WTRG-Q,714381
"TENET beweist, dass Christopher Nolan Ã¼berbewertet ist",2020-09-01T14:16:00Z,UCHyt6whzbCcG18q3m4ws6jw,124940
"Christopher Nolan &amp; John David Washington TENET interview - The Dark Knight, Interstellar, Inception",2020-09-01T14:37:43Z,UCHLyP4MuA-JAFBCwxXOEDdA,78342
Travis Scott - The Plan guitar + octaver cover | TENET,2020-09-01T17:56:06Z,UC89--t5JTz0W1ZzV6SjOpAQ,510
Doctor en FÃ­sica EXPLICA TENET,2020-09-01T19:36:17Z,UCQX_MZRCaluNKxkywkLEgfA,242774
Tenet Review -- Why It&#39;s Unwatchable,2020-09-01T21:52:24Z,UC7ShaDvAGIibjycAK17R8eg,34461
TENET Movie Review - Christopher Nolan - Tamil Talkies,2020-09-01T23:03:23Z,UCkI-SYGC8fxPNcp6FsX4SRQ,414139
Tenet - Movie Review,2020-09-02T06:31:56Z,UC0khd-5lpmDK-gZ-h4_lUaA,62
TENET - Featurette #2 Deutsch HD German (2020),2020-09-02T08:01:38Z,UCR88edMaCp9veFK6PVXyYpQ,2463
Tenet - Easter Eggs!,2020-09-02T08:19:45Z,UCtL-sE3xldg6t0NLHfJaDxg,2807
Ğ”Ğ¾Ğ²Ğ¾Ğ´ (Tenet) - ĞĞ±ÑŠÑÑĞ½ĞµĞ½Ğ¸Ğµ ĞšĞ¾Ğ½Ñ†Ğ¾Ğ²ĞºĞ¸ Ğ¸ Ğ¡ÑĞ¶ĞµÑ‚Ğ° | Tenet Ğ Ğ°Ğ·Ğ±Ğ¾Ñ€,2020-09-02T08:20:30Z,UC_b28HkItpc2GC0f88vumFA,105951
[à¸¢à¸´à¹ˆà¸‡à¸£à¸¹à¹‰à¸¢à¸´à¹ˆà¸‡à¸­à¸´à¸™] à¸­à¸˜à¸´à¸šà¸²à¸¢à¸—à¸¸à¸à¸ªà¸´à¹ˆà¸‡à¸—à¸µà¹ˆà¸„à¸§à¸£à¸£à¸¹à¹‰à¹ƒà¸™ TENET à¹à¸¥à¸°à¸•à¸­à¸™à¸ˆà¸šà¸—à¸µà¹ˆà¸«à¸¥à¸²à¸¢à¸„à¸™à¸ªà¸‡à¸ªà¸±à¸¢!!,2020-09-02T13:07:01Z,UCfCRD9CMX-FE59bE1t4DKoQ,219380
TENET | U BIOSKOPIMA | 2020,2020-09-02T13:29:33Z,UC7bfeABDGk5p-5qKPHOrNwQ,109
Tenet - The Best and Worst of Christopher Nolan,2020-09-02T13:55:19Z,UCSJPFQdZwrOutnmSFYtbstA,411395
Tenet Exclusive Featurette - IMAX (2020) | Movieclips Coming Soon,2020-09-02T15:00:07Z,UCi8e0iOVk1fEOogdfu4YgfA,56666
TENET: Neil&#39;s Timeline Explained + What Happens To The Character In The End,2020-09-02T15:08:18Z,UCq3hT5JPPKy87JGbDls_5BQ,362087
TENET | GONDOLATMENET,2020-09-02T15:30:13Z,UCS7UA-DV1X3H0XyWol17N4g,64244
TENET: CRITIQUE ET RÃ‰PONSE Ã€ VOS COMMENTAIRES !,2020-09-02T16:00:03Z,UCouHAi3jWpC8lAqsoeM_zOA,33270
TENET EXPLICACIÃ“N (con SPOILERS): RESOLVIENDO el PUZZLE TEMPORAL de la NUEVA PELÃCULA de NOLAN,2020-09-02T16:00:28Z,UCUrYBZGlEOSD1_ds_HcNd6A,47654
Tenet IMAXÂ® Behind the Frame | Shot on IMAX Film,2020-09-02T16:05:42Z,UCLOi9fGe5EdPfquSe1RS5aA,34326
La crÃ­tica de Carlos Boyero de &#39;Tenet&#39;,2020-09-02T16:37:43Z,UCvIuCDYS_YoxCZvMXOg_GAQ,22566
Wir mÃ¼ssen unbedingt Ã¼ber TENET reden!! | Jay &amp; Arya Podcast,2020-09-02T17:52:09Z,UCXemD4HKdR7T_cZbN_dUQfw,51711
"Joe Rogan Censorship Scandal, Carole Baskin, Tenet AMC Bet, &amp; What You Need To Know About Evictions",2020-09-02T21:17:41Z,UClFSU9_bUb4Rc6OYfTt5SPw,962697
Tenet - Spoiler Talk &amp; Review (w/ Cody Leach &amp; Griffin Schiller),2020-09-02T22:52:17Z,UCQxTL5uhg3jYRakna8CvJ5g,7734
à¹€à¸¥à¹ˆà¸² TENET à¸—à¸µà¸¥à¸°à¸‰à¸²à¸ (à¸ªà¸›à¸­à¸¢à¸—à¸±à¹‰à¸‡à¸„à¸¥à¸´à¸›à¸•à¸²à¸¡à¹€à¸™à¸·à¹‰à¸­à¹€à¸£à¸·à¹ˆà¸­à¸‡à¸­à¸¢à¹ˆà¸²à¸‡à¸¥à¸°à¹€à¸­à¸µà¸¢à¸”),2020-09-03T00:09:53Z,UCsnwZOCUCmfX-J4pj2jZFfw,53892
TENET - EP.2 à¹„à¸‚à¸‚à¹‰à¸­à¸ªà¸‡à¸ªà¸±à¸¢ à¹€à¸à¸´à¸”à¸­à¸°à¹„à¸£à¸‚à¸¶à¹‰à¸™à¹ƒà¸™à¸«à¹‰à¸­à¸‡à¸Ÿà¹‰à¸²-à¹à¸”à¸‡ à¸­à¸˜à¸´à¸šà¸²à¸¢à¸‰à¸²à¸à¸‚à¸±à¸šà¸£à¸–à¹„à¸¥à¹ˆà¸¥à¹ˆà¸² - à¸ªà¸›à¸­à¸¢,2020-09-03T01:10:10Z,UCUINX94iCT6aWWII-02jRkQ,58295
TENET Official Soundtrack | FULL ALBUM - Ludwig GÃ¶ransson | WaterTower,2020-09-03T07:00:11Z,UCGkQCAeRjyP9BpNwVFMaJaw,917800
TENET Official Soundtrack | 747 - Ludwig GÃ¶ransson | WaterTower,2020-09-03T07:00:11Z,UCGkQCAeRjyP9BpNwVFMaJaw,191209
TENET Official Soundtrack | WINDMILLS - Ludwig GÃ¶ransson | WaterTower,2020-09-03T07:00:11Z,UCGkQCAeRjyP9BpNwVFMaJaw,145478
TENET Official Soundtrack | FREEPORT - Ludwig GÃ¶ransson | WaterTower,2020-09-03T07:00:11Z,UCGkQCAeRjyP9BpNwVFMaJaw,393986
TENET Official Soundtrack | POSTERITY - Ludwig GÃ¶ransson | WaterTower,2020-09-03T07:00:11Z,UCGkQCAeRjyP9BpNwVFMaJaw,897052
TENET Official Soundtrack | THE ALGORITHM - Ludwig GÃ¶ransson | WaterTower,2020-09-03T07:00:11Z,UCGkQCAeRjyP9BpNwVFMaJaw,85376
TENET Official Soundtrack | SATOR - Ludwig GÃ¶ransson | WaterTower,2020-09-03T07:00:11Z,UCGkQCAeRjyP9BpNwVFMaJaw,77164
TENET Official Soundtrack | THE PROTAGONIST - Ludwig GÃ¶ransson | WaterTower,2020-09-03T07:00:11Z,UCGkQCAeRjyP9BpNwVFMaJaw,132264
TENET Official Soundtrack | RETRIEVING THE CASE - Ludwig GÃ¶ransson | WaterTower,2020-09-03T07:00:11Z,UCGkQCAeRjyP9BpNwVFMaJaw,66506
TENET Official Soundtrack | RED ROOM BLUE ROOM - Ludwig GÃ¶ransson | WaterTower,2020-09-03T07:00:11Z,UCGkQCAeRjyP9BpNwVFMaJaw,63152
TENET Official Soundtrack | INVERSION - Ludwig GÃ¶ransson | WaterTower,2020-09-03T07:00:24Z,UCGkQCAeRjyP9BpNwVFMaJaw,105258
TENET Official Soundtrack | RAINY NIGHT IN TALLINN - Ludwig GÃ¶ransson | WaterTower,2020-09-03T07:00:26Z,UCGkQCAeRjyP9BpNwVFMaJaw,823924
TENET Official Soundtrack | FOILS - Ludwig GÃ¶ransson | WaterTower,2020-09-03T07:00:29Z,UCGkQCAeRjyP9BpNwVFMaJaw,110358
TENET Official Soundtrack | BETRAYAL - Ludwig GÃ¶ransson | WaterTower,2020-09-03T07:00:32Z,UCGkQCAeRjyP9BpNwVFMaJaw,109220
TENET Official Soundtrack | TRUCKS IN PLACE - Ludwig GÃ¶ransson | WaterTower,2020-09-03T07:00:32Z,UCGkQCAeRjyP9BpNwVFMaJaw,375688
I Reversed the TENET soundtrack.,2020-09-03T09:27:23Z,UCGOcpM3wXBT80d8P0XuWjhQ,53365
Pure - Tenet,2020-09-03T10:44:19Z,UC1BwE3C_OX_04EIGksNaAcw,170
LE TEMPS DANS TENET - ANALYSE &amp; EXPLICATION ğŸ¬ #72,2020-09-03T13:08:05Z,UC-486EB9LYIaLeD84B2z_5g,8331
TENET Movie Review - I Have No Idea What Happened,2020-09-03T14:30:42Z,UCSSFXJTQhv680304l-VSmWg,77
TENET MOVIE REVIEW | Double Toasted,2020-09-03T18:42:48Z,UCp4cuWZKxR5ZNbcWrP1DozA,65594
TENET DERÄ°N Ä°NCELEME,2020-09-03T19:41:20Z,UCMB8EzN-u5FJ5hPzQNyGH5A,14251
Tenet - Movie Review,2020-09-03T20:15:00Z,UCAa_qBBsbh3xCZlLkaPf2iA,176
Guest House,2020-09-04T04:02:02Z,UCNpbRnBT4YzvgUAx7IRxZMA, 
TENET vu par un con (Dedo),2020-09-04T10:15:01Z,UCWcqW6oCR99AD1yPHBvqkyQ,102656
Giáº£i MÃ£ TENET: CÃ³ Pháº£i LÃ  Phim Du HÃ nh Thá»i Gian ?,2020-09-04T10:30:10Z,UCRyS_3HKtXlV-M4KC5E6i6Q,33898
Tenet - A Review,2020-09-04T11:48:40Z,UCcoO-8J0EYQHGPFQqwmAzVQ,175689
25 Things You Missed In Tenet,2020-09-04T14:56:11Z,UC2iUwfYi_1FCGGqhOUNx-iA,389592
Tenet reviewed by Mark Kermode,2020-09-04T15:00:05Z,UCCxKPNMqjnqbxVEt1tyDUsA,213580
"TENET | TOUT savoir sur le FILM | EXPLICATION, ANALYSE, THÃ‰ORIES et INTERPRÃ‰TATIONS ULTIMES !!",2020-09-04T15:15:22Z,UCO65H2-iw80YG6KSCfEf4JA,25447
TENET - Movie Review,2020-09-04T16:00:10Z,UCs_OseyO27jT-rV28gH4UaQ,85
(å€’è½‰ç‰ˆ)ã€ŠTENETã€‹æ¨‚é…å½±é›»\å‘Šé -èƒ½å¤©TENET,2020-09-04T16:00:42Z,UCAAvRI2tdVBojimoxTwmYdQ,350
"Tenet Interview: Elizabeth Debicki Talks Christopher Nolan, Car Chases And More",2020-09-04T16:48:35Z,UCq-O4Sq5kfgFgJN2jcgo8hw,16844
ANIMAL vs. TENET,2020-09-04T20:33:00Z,UCAoNM6PKPb8qGnzFRq03dSA,60
TENET Movie Poster Editing | Christopher Nolen movie| PicsArt editing | PicsArt Editing Tutorials,2020-09-05T08:55:55Z,UCtCfbPYdyrWv6dROqFzEHqQ,1151
Tenet : mÃªme en ayant vu le film deux fois Â« Ã§a reste difficile Ã  comprendre Â»,2020-09-05T12:02:17Z,UCfHn_8-ehdem86fEvlFg-Gw,70147
"Rant: Warum die VorwÃ¼rfe gegen TENET albern sind &amp; wir verlernen, wie man Filme sieht",2020-09-05T13:50:18Z,UCN29LJGZ8FY30ysxdTnDsaw,58317
Tenet Ending Explained,2020-09-05T14:15:02Z,UC2iUwfYi_1FCGGqhOUNx-iA,219573
Explaining The End Of Tenet,2020-09-06T01:00:01Z,UCP1iRaFlS5EYjJBryFV9JPw,154872
Î£Î¹Î½Îµ-Î£Ï…Î¼Ï€ÏŒÏƒÎ¹Î¿ Sashimi â€“ Tenet (Spoilers!),2020-09-06T07:30:02Z,UC8AaXDuHVAgLC4fWrmKte-A,5629
TENET SPOÄ°LERLI Ä°NCELEME | KÄ°M KÄ°MDÄ°R ? NEREDEN NEREYE FULL AÃ‡IKLAMA !,2020-09-06T14:46:01Z,UCtG5VTskHyDc0usCaus93dA,8096
TENET PARODÄ° - Duygu Uysal - B01,2020-09-07T13:00:09Z,UC-xTvXTm-lrLWYk308-Km3A,59970
TENET theme Posterity played by invisible body pianist,2020-09-07T16:00:07Z,UCOwJ0m6Waf2DcYpMUOygLrg,19334
"TENET â€“ totalna cholera, entropia | Recenzja Patyka",2020-09-08T10:34:04Z,UC68YhGz-0N_PiJXLFvnygBA,44081
Podcast #15 met o.a. Tenet!,2020-09-08T12:20:50Z,UCQtXVEMsLDGNCdoJ9TmCLJg,69
Tenet Magic - Time For Tenet,2020-09-08T12:30:03Z,UC-lBIg7PlpYK0D34T6DVgsA,283
TENET Clip â€˜&#39;Road&#39;&#39; - 2020 Movie,2020-09-08T13:53:52Z,UC6WXav737K9RezqGYFcjgFQ,39165
MegmagyarÃ¡zzuk a Tenet vÃ©gÃ©t Ã©s feltÃ¡rjuk a szereplÅ‘k sorsÃ¡t!,2020-09-08T15:00:18Z,UC3UX8a0QJFBvlQ74NCpKTkw,17080
TENET Temporal Pincer Explained And The True Meaning Of The Ending,2020-09-08T16:03:51Z,UCq3hT5JPPKy87JGbDls_5BQ,135447
TENET FILM COMPLET EN FRANCAIS (ACTION-2020),2020-09-08T16:21:45Z,UCtM38Go-SshCPajyROEp04w,165260
Kenneth Branagh - TENET - Warner Bros. UK,2020-09-08T17:21:16Z,UCbxjDfYwfF8RjYBp5htJ38Q,7827
Tenet fight scene audience reaction,2020-09-08T17:32:00Z,UCpxMR9KfU6c8MwEfOhF7jYw,118015
Tenet: John David Washington on Overcoming His BIGGEST FEAR,2020-09-08T21:30:00Z,UCdtXPiqI2cLorKaPrfpKc4g,7262
TENET Explained! Full Movie Timeline &amp; Final Scene Breakdown (Spoilers),2020-09-08T23:17:31Z,UC7yRILFFJ2QZCykymr8LPwA,572104
à¹€à¸‰à¸¥à¸¢à¸šà¸²à¸‡à¸‰à¸²à¸ TENET à¹„à¸¡à¹ˆà¹ƒà¸Šà¹ˆ CG  / à¸Šà¸µà¸§à¸´à¸•à¹€à¸£à¸¢à¹Œ ( daisy ridley ) à¸«à¸¥à¸±à¸‡à¸ˆà¸š Star Wars [ Viewfinder : à¹€à¸—à¹€à¸™à¹‡à¸— ],2020-09-09T03:51:05Z,UC5oCQGhzMwXIOSW6UfB6wbA,51824
TENET - EP.3 à¸«à¸™à¹‰à¸²à¸—à¸µà¹ˆà¸—à¸µà¹ˆà¹€à¸‹à¹€à¸—à¸­à¸£à¹Œà¹„à¸”à¹‰à¸£à¸±à¸š à¹à¸¥à¸°à¹à¸œà¸™à¸à¸²à¸£à¸¢à¸±à¸šà¸¢à¸±à¹‰à¸‡à¸‚à¸­à¸‡à¸à¸£à¸°à¹€à¸­à¸ - à¸ªà¸›à¸­à¸¢,2020-09-09T11:52:31Z,UCUINX94iCT6aWWII-02jRkQ,25231
à¸–à¸­à¸”à¸£à¸«à¸±à¸ª â€˜à¹€à¸­à¸™à¹‚à¸—à¸£à¸›à¸µâ€™ à¸ˆà¸²à¸ Tenet à¸Ÿà¸´à¸ªà¸´à¸à¸ªà¹Œà¹€à¸šà¸·à¹‰à¸­à¸‡à¸«à¸¥à¸±à¸‡à¸à¸²à¸£à¸¢à¹‰à¸­à¸™à¸à¸¥à¸±à¸šÂ  | THE STANDARD Daily,2020-09-09T13:39:51Z,UCk1v3FzlMu3r34LYgoHpH2w,78373
Wie realistisch ist Tenet?,2020-09-09T14:59:23Z,UCkKx536wQKwJmtUlbHmxFdQ,22705
TENET: el FINAL EXPLICADO y todas las CLAVES para entender la pelÃ­cula de NOLAN,2020-09-09T17:31:44Z,UCZQfwlWCUxMaxwf2MKsH_wg,64012
Biggest Unanswered Questions In Tenet,2020-09-09T20:15:04Z,UCP1iRaFlS5EYjJBryFV9JPw,36336
ç”ºå±±æ™ºæµ©ã€TENET ãƒ†ãƒãƒƒãƒˆã€ç›£ç£ã‚¯ãƒªã‚¹ãƒˆãƒ•ã‚¡ãƒ¼ãƒ»ãƒãƒ¼ãƒ©ãƒ³ã€‚ã€å®Ÿå†™ãƒ ãƒ¼ãƒ©ãƒ³ã€ä¸»æ¼”ãƒªã‚¦ãƒ»ã‚¤ãƒ¼ãƒ•ã‚§ã‚¤ã€‚èµ¤æ±Ÿç ç·’ã€€ãŸã¾ã‚€ã™ã³ã€‚2020 09 08ï¼ˆç«ï¼‰æ”¾é€,2020-09-09T23:55:15Z,UCAinuMkElwIVZ_Y5icCSCmw,42346
Giáº£i ThÃ­ch TENET,2020-09-10T11:00:13Z,UCAJ9i1NhhlnosAGu7QcBEtw,281024
TENET: un film che ci prova. Un po&#39; Troppo!,2020-09-10T11:30:01Z,UCKoFUWEIFF33-92tBA0Cvzg,12457
Behind The Scenes on TENET,2020-09-10T11:53:00Z,UCnIup-Jnwr6emLxO8McEhSw,23394
Co inni mÃ³wiÄ… o filmie Tenet?,2020-09-10T13:36:33Z,UCtecHyLSXoL3P-xgFsbQh-g,36750
ã€TENETã¯IMAXã§è¦³ã¾ã™ã‹ï¼Ÿã€‘IMAXã¨ã¯ä½•ãªã®ã•ï¼ŸãŠç­”ãˆã—ã¾ã™ï¼,2020-09-10T13:50:01Z,UC57B9xk6laSCfacAwZsMmOg,7925
ValWho se paye &quot;Tenet&quot; : ENFIN ! Critique du Film,2020-09-10T15:00:00Z,UCMF6KujsW1APgEndA78SIdQ,16694
"TENET, la nueva pelÃ­cula de Christopher Nolan ya llegÃ³ a los cines",2020-09-10T22:36:57Z,UC0p9M4Q-cLQbtD46u5oH3dA,29280
5 Best And 5 Worst Things In Tenet,2020-09-10T22:52:42Z,UCP1iRaFlS5EYjJBryFV9JPw,54653
æ˜ ç”»ã€TENET ãƒ†ãƒãƒƒãƒˆã€ç‰¹åˆ¥æ˜ åƒï¼ˆåã‚‚ãªãç”·ç·¨ï¼‰,2020-09-11T03:03:56Z,UCSrwpEM8lBM4jR5YoKX3XOQ,58678
æ˜ ç”»ã€TENET ãƒ†ãƒãƒƒãƒˆã€ç‰¹åˆ¥æ˜ åƒï¼ˆãƒ‹ãƒ¼ãƒ«ç·¨ï¼‰,2020-09-11T03:04:46Z,UCSrwpEM8lBM4jR5YoKX3XOQ,46138
æ˜ ç”»ã€TENET ãƒ†ãƒãƒƒãƒˆã€ç‰¹åˆ¥æ˜ åƒï¼ˆã‚­ãƒ£ãƒƒãƒˆç·¨ï¼‰,2020-09-11T03:06:07Z,UCSrwpEM8lBM4jR5YoKX3XOQ,30291
John David Washington Reveals Father Denzel&#39;s Reaction to His Latest Film Tenet | Lorraine,2020-09-11T11:44:22Z,UCM0cwESe107DHyGpEUx1n4Q,10270
TENET - PRIMEIRAS CRÃTICAS E A BILHETERIA,2020-09-11T14:00:08Z,UC-_T97zvbTtXSQI9nVlOFrQ,22751
ÙÙŠÙ„Ù…Ø± ÙŠØ±Ø§Ø¬Ø¹ |   Filmmer Reviews |  T E N E T,2020-09-11T16:00:13Z,UCMxUlhhZ8FbwwIoxAXa73ug,71978
à¸ªà¸›à¸­à¸¢à¸¥à¹Œ TENET  | 69podcast EP24,2020-09-11T16:12:50Z,UCElORP0izlExdUBM0LEAx0Q,65412
TENET : dÃ©cryptage et analyse du casse tÃªte de Nolan,2020-09-11T16:14:06Z,UCp8CElQTorSmhH_jVgSSv5g,25480
TENET nejen Konec filmu VYSVÄšTLEN SPOILER Rozbor,2020-09-12T07:00:11Z,UC_uKjwFx8BrSbtFMNZaTj-w,6788
tenet I,2020-09-12T10:00:12Z,UCWJxHIgdV2Yg4LC6rMXmWKQ,109
ReseÃ±a de TENET,2020-09-13T13:40:52Z,UCAqznKuq5g6a0a8nRDXaXPA,179710
La scienza di TENET -- [Senza spoiler],2020-09-13T16:00:12Z,UCvG_mqHj_wmFZiM1SkoZccw,64602
Filmin sonu aÃ§Ä±klandÄ±: TENET,2020-09-14T10:00:18Z,UCPIWehw43V2ZP-K8-qbkpRQ,108594
TENET - EP.4(à¸•à¸­à¸™à¸ˆà¸š) à¹€à¸à¸´à¸”à¸­à¸°à¹„à¸£à¸‚à¸¶à¹‰à¸™à¸šà¹‰à¸²à¸‡à¹ƒà¸™à¸‰à¸²à¸à¸ªà¸‡à¸„à¸£à¸²à¸¡ - à¸ªà¸›à¸­à¸¢,2020-09-14T13:00:10Z,UCUINX94iCT6aWWII-02jRkQ,25585
Time Inversion | Tenet,2020-09-14T17:15:19Z,UC6PpQOXev2yNBfjUIdtifTA,50893
Tenet I La cinta mÃ¡s compleja de Nolan (ReseÃ±a sin spoilers),2020-09-14T18:12:45Z,UCN_CWpl70T3DgnfS9HjMfKQ,179348
"Tak Payah Tengok Movie TENET ! (Kalau IQ korang tinggi, fine..)",2020-09-14T23:15:57Z,UCGbTqKi7pRp0DbYuX55O3TA,15103
TENET Official Soundtrack | [INVERTED] FULL ALBUM - Ludwig GÃ¶ransson | WaterTower,2020-09-14T23:18:36Z,UCGkQCAeRjyP9BpNwVFMaJaw,70462
æ˜ ç”»ã€TENET ãƒ†ãƒãƒƒãƒˆã€30ç§’ã‚³ãƒ¡ãƒ³ãƒˆäºˆå‘Šï¼ˆã‚«ã‚ºãƒ¬ãƒ¼ã‚¶ãƒ¼ç·¨ï¼‰,2020-09-15T07:35:04Z,UCSrwpEM8lBM4jR5YoKX3XOQ,8700
ç£¯æ‘å‹‡æ–—ï¼†ã‚«ã‚ºãƒ¬ãƒ¼ã‚¶ãƒ¼ç™»å ´ï¼ã€TENET ãƒ†ãƒãƒƒãƒˆã€â€œé€†è¡Œä½“é¨“â€ã‚¤ãƒ™ãƒ³ãƒˆã€ãƒ€ã‚¤ã‚¸ã‚§ã‚¹ãƒˆé…ä¿¡ã€‘,2020-09-15T09:54:20Z,UCSrwpEM8lBM4jR5YoKX3XOQ,9855
TENET 2 : åè½‰å°ç£ï½œè€—è³‡åƒè¬ï¼Œé‡ç¾å¤©èƒ½ã€‚è«¾è˜­è²·è¥¿ç“œæ±å’Œæ°§æ°£ç½©!?(å¤©èƒ½æ·±åº¦è§£æ)ã€é€²é€€å…©ç”·ã€‘,2020-09-15T12:00:11Z,UCCEA_OGqbopiAVvsrNDtbgw,829
TENET - Loop 15&quot;,2020-09-15T16:28:35Z,UCu-cVVMn41qUA-pwdEhNqhg,2373492
TENET - El tiempo se acaba 15&quot;,2020-09-15T16:31:21Z,UCu-cVVMn41qUA-pwdEhNqhg,644118
TENET - Agente 15&quot;,2020-09-15T16:34:17Z,UCu-cVVMn41qUA-pwdEhNqhg,987074
TENET - Whoa 30&quot;,2020-09-15T16:36:07Z,UCu-cVVMn41qUA-pwdEhNqhg,1114060
TENET - Agente 30&quot;,2020-09-15T16:38:33Z,UCu-cVVMn41qUA-pwdEhNqhg,1114340
Tenet: Non-Spoiler Thoughts On Seeing Christopher Nolan&#39;s Latest Film,2020-09-15T17:00:07Z,UCxGHVlaobpjY7DBmOkN_TEg,1508
Minhas opiniÃµes sobre TENET (sem spoilers!),2020-09-15T20:12:08Z,UCT4jm6o-mUMuo1bKHcHSIfA,19211
CRÃTICA: TENET ğŸ¤”  | Sin spoilers,2020-09-15T23:00:50Z,UCtvu0f5wRLBRYISBw_3NDsg,116833
Ğ”ĞĞ’ĞĞ” / TENET - Ğ¡Ğ°Ğ¼Ñ‹Ğµ Ğ¸Ğ½Ñ‚ĞµÑ€ĞµÑĞ½Ñ‹Ğµ Ñ„Ğ°ĞºÑ‚Ñ‹ - Ğ§Ğ•Ğ“Ğ Ğ’Ğ« ĞĞ• Ğ—ĞĞĞ›Ğ˜ Ğ¾ Ñ„Ğ¸Ğ»ÑŒĞ¼Ğµ // Ğ”ĞšĞ¸Ğ½Ğ¾,2020-09-16T06:57:24Z,UCcwyUO8RwH4TIkeHXDDWDwA,53308
Watching TENET in the IMAX in CHINA! (emotional),2020-09-16T12:00:10Z,UCzDE2LGSmJnw53WrZ7mM_Aw,6183
Why TENET is a Modern Masterpiece,2020-09-16T13:00:01Z,UC4opl7vrgeDgxAkcxIOvi5A,293274
Filmkritik Tenet,2020-09-16T15:31:00Z,UC6KrKUp5zRiGjB0ShFQ4a1A,83
How Tenet&#39;s John David Washington moved from football to acting | DangerTalk with Russell Wilson,2020-09-16T21:28:47Z,UCiWLfSweyRNmLpgEHekhoAg,16198
TENET OST - Prologue Opera Siege Soundtrack [Climax Extended] - RAINY NIGHT IN TALLINN,2020-09-17T06:19:18Z,UCyyhLul8kq3oWf0TA0DXeZQ,201765
HO RISOLTO TENET,2020-09-17T10:00:10Z,UCeZmHH4C1E51BqKKymHkOcA,89887
é›£è§£ã™ãï¼Ÿã‚¯ãƒªã‚¹ãƒˆãƒ•ã‚¡ãƒ¼ãƒ»ãƒãƒ¼ãƒ©ãƒ³æœ€æ–°ä½œã€TENET ãƒ†ãƒãƒƒãƒˆã€ã‚’èªã‚‹ï¼šç¬¬155å› éŠ€å¹•ã«ãƒãƒƒãƒ—ã‚³ãƒ¼ãƒ³,2020-09-17T10:02:48Z,UCUzl0dAdU3IUGrChjqbMuqQ,18081
Warum die Zeitdarstellung in Tenet paradox ist - Tenet erklÃ¤rt!,2020-09-17T12:54:14Z,UCO61Csq4PVqE_CQf6Fp3HZg,4321
Das Ende von Tenet erklaÌˆrt,2020-09-17T13:00:01Z,UCgt1aFz4DLhUF5W7c5V9mdQ,16538
ExplicacioÌn: Tenet I Los viajes en el tiempo,2020-09-17T16:00:03Z,UCN_CWpl70T3DgnfS9HjMfKQ,85202
Cine aparte â€¢ Tenet,2020-09-17T18:11:18Z,UCbGYYbuGLFC6wIsyKXXW4cQ,32737
"TENET (2020) Soundtrack | Posterity | How to create the sound (piano, synth, harp)",2020-09-17T18:59:30Z,UCU42RJBOWrYS524qralENNw,1737
El FInal Explicado De Tenet,2020-09-17T19:00:01Z,UCS-4NlbHYyfL8z9FiZ7NQ0g,24084
Critica / Review: TENET,2020-09-18T01:02:01Z,UC6RTPEfYFMcb0-HLLMEpLdw,112469
U2 3D run as test for Tenet at Metreon in San Francisco,2020-09-18T01:24:01Z,UCcJdXwnTMaZjBwbkdjDEszA,613
No es lo que ESPERAS: TENET.,2020-09-18T01:41:50Z,UCevIn3faqGtFlMucnrCINHA,139764
æ˜ ç”»ã€TENETã€ã«å‡ºã¦ãã‚‹ç‰©ç†ç”¨èªã‚’è§£èª¬ï¼ã‚¨ãƒ³ãƒˆãƒ­ãƒ”ãƒ¼/åç²’å­ã¨ã¯ï¼Ÿãƒã‚¿ãƒãƒ¬ãªã—äºˆç¿’ç”¨ã€Ã—ãƒ¨ãƒ“ãƒãƒªãŸãã¿ã€‘,2020-09-18T03:00:11Z,UCsN0m1lwpEDOcMy4SoLI8Pw,89070
æ˜ ç”»ã€TENETãƒ†ãƒãƒƒãƒˆã€ãƒã‚¿ãƒãƒ¬ã‚ã‚Šè€ƒå¯Ÿãƒ¬ãƒ“ãƒ¥ãƒ¼/ ã‚¯ãƒªã‚¹ãƒˆãƒ•ã‚¡ãƒ¼ãƒ»ãƒãƒ¼ãƒ©ãƒ³æ–°ä½œ,2020-09-18T03:31:52Z,UCKdbENqghwOQCak3ijrkg9w,141023
Vadivel Vox 5.0 | TENET Version | D A Vasanth | Sathish | Isaipettai,2020-09-18T11:28:11Z,UC7qpBU0mVC3lgIOCmKBDz2g,145243
Recreating The Synth Sound of Tenet | Thomann,2020-09-18T15:59:46Z,UCrB4ViWQhSlYGqha2biBOoA,16346
TENET: La Decadencia de Christopher Nolan | Sin Spoilers,2020-09-18T17:00:01Z,UCgjBtOTQ1m2zRRsqQyLVPRg,65516
ã€TENET/ãƒ†ãƒãƒƒãƒˆã€‘ã‚ãªãŸãŒçŸ¥ã‚‰ãªã„ã‹ã‚‚ã—ã‚Œãªã„å°ãƒã‚¿Part1ã€ãƒã‚¿ãƒãƒ¬ã‚ã‚Šã€‘,2020-09-19T00:00:12Z,UC753llT6HLQ5QUR-hK6cuAw,32373
å»£æ±è©±å½±è©•: Tenetã€Œå¤©èƒ½ã€æ‡¶äººåŒ…ï¼Œå«éƒ¨åˆ†åŠ‡é€ã€‚ç‰‡å°¾å½©è›‹è»Šcamå½±åˆ°çœŸå¯¦ã€Œ æ™‚é–“é€†è½‰ã€ç¾åƒ!,2020-09-19T02:17:13Z,UC2e0nnjjYKAtWI5LiZpFhtA,23041
ã€TENETã€‘é™¤å’—FEEL ITä¹‹å¤–ä»²å¯ä»¥UNDERSTAND ITï¼ç‡’è…¦é›»å½±ã€Œå¤©èƒ½ã€å»£æ±è©±æ·±åº¦æ‹†è§£ (ç²µèªä¸­å­—/Christopher Nolan/è·¯è˜­) | å‡å½æ¯’FLC #FLCèªçœŸåˆ†æç³»åˆ—,2020-09-19T05:00:12Z,UCGtjq9HXAMOGY0mYWmK1vZQ,5986
ã€å›æ–‡ã®å…ˆã¸ã€‘çµå±€ã€TENET ãƒ†ãƒãƒƒãƒˆã¨ã¯ä½•ã ã£ãŸã®ã‹ã€ãƒã‚¿ãƒãƒ¬å…¨é–‹ã€‘,2020-09-19T07:15:01Z,UCcxslMsgH07k6TzF0LWiPRA,80705
TENET | Il Grande Papocchio,2020-09-19T11:31:35Z,UCbepRPuq5VI7PeYU96RJUEw,24235
ğŸ¬ å¤©èƒ½ | åŠ‡é€å½±è©•+æ·±å…¥è§£æ | ä½ çœŸä¿‚ç‡å¾—æ˜ï¼Ÿå»£æ±è©±è©³ç›¡è§£æ§‹ ä¸€èµ·ä¾†ç‡’è…¦å§ | TENET ä¿¡æ¢ | Samå…ˆç”ŸğŸ¬,2020-09-19T13:30:13Z,UCcuqs5kaRYbqBE5cX7hRXHw,235167
TENET/ãƒ†ãƒãƒƒãƒˆã®æ™‚ç³»åˆ—ã‚’å®Œå…¨è§£èª¬ã€ãƒã‚¿ãƒãƒ¬ã€‘ã€ã‚«ãƒ¼ãƒã‚§ã‚¤ã‚¹ã‚·ãƒ¼ãƒ³ã€‘,2020-09-20T02:00:09Z,UC8AQxRa-WTwfWCJgkOKWxOQ,125449
ãƒ†ãƒãƒƒãƒˆVLOG,2020-09-20T08:00:39Z,UCjnq13siq2C1HatKjVatAZw,45703
NOLAN MASIH KURANG PINTER! - Alur Cerita Film Tenet (2020) - FULL SPOILER (SS Version) - CAM Quality,2020-09-20T16:13:30Z,UCAuzF5OSYzDls1tL-g4eiGg,1526
I recreate â€œTenetâ€ soundtrack with a Harp and Paper?,2020-09-21T12:15:02Z,UCBBy6FXb2H-scG9JHpPFreg,410
ã‚·ãƒãƒãƒ»ãƒãƒ©ãƒªã‚ºãƒ ã€€ã€TENETã€è«‡è­°,2020-09-21T14:50:03Z,UCX_wnK5wePdF9N8IZHoth2w,197
"Business : Tenet vs Mulan, Disney Ã©crase-t-il le cinÃ©ma ?",2020-09-21T16:22:42Z,UCp8CElQTorSmhH_jVgSSv5g,20171
Tenet - Use Reverse Entropy to go back and NOT WATCH TENET (Spoof- No Spoilers),2020-09-22T03:48:38Z,UCrKDrxteb31aV5ngzXsSGmQ,122
TENET - Q&amp;A à¸•à¸­à¸šà¹ƒà¸«à¹‰à¹à¸¥à¹‰à¸§à¸—à¸¸à¸à¸„à¸³à¸–à¸²à¸¡à¸—à¸µà¹ˆà¸à¸§à¸à¸„à¸¸à¸“à¸ªà¹ˆà¸§à¸™à¹ƒà¸«à¸à¹ˆà¸£à¸°à¸”à¸¡à¸–à¸²à¸¡à¸à¸±à¸™à¸¡à¸²,2020-09-22T14:34:29Z,UCUINX94iCT6aWWII-02jRkQ,11932
ç©¶æ¥µã®æ˜ åƒä½“é¨“ï¼æ˜ ç”»ã€TENET ãƒ†ãƒãƒƒãƒˆã€ç‰¹åˆ¥æ˜ åƒï¼ˆIMAXÂ®æ’®å½±ç·¨ï¼‰,2020-09-23T09:31:33Z,UCSrwpEM8lBM4jR5YoKX3XOQ,70335
ã€TENET/ãƒ†ãƒãƒƒãƒˆâ‘ ã€‘ãƒã‚¿ãƒãƒ¬ã‚ã‚Šè§£èª¬&amp;è€ƒå¯Ÿï½œã‚¯ãƒªã‚¹ãƒˆãƒ•ã‚¡ãƒ¼ãƒ»ãƒãƒ¼ãƒ©ãƒ³æœ€æ–°ä½œ!! è§£èª¬ã‚’è¦‹ã‚Œã°å…¨ã¦ãŒã‚ã‹ã‚‹!!,2020-09-23T10:00:00Z,UCDEwkjA9CX40IZbgiLPWkMg,56529
Why &quot;Tenet&quot; Is A Failure,2020-09-23T23:10:10Z,UCysj_LBNSeT9nqFoc5w-XhQ,41
Tenet (2020) (SIN SPOILERS),2020-09-24T01:00:02Z,UCoN2GYfCN-fPl2e7LhjmMdw,21565
TENET Movie Review Breakdown - ZEEVERFETT,2020-09-24T04:21:25Z,UC5P8froH20UGCNO6aQugDag,74
ã€TENET/ãƒ†ãƒãƒƒãƒˆâ‘¡ã€‘ãƒã‚¿ãƒãƒ¬ã‚ã‚Šè§£èª¬&amp;è€ƒå¯Ÿï½œãƒ‹ãƒ¼ãƒ«ã®æ­£ä½“ã¯ã‚¢ã‚¤ãƒ„ã ã£ãŸ!? æœ¬ä½œã¯ãƒãƒ¼ãƒ©ãƒ³éå»ä½œã®é›†å¤§æˆ!?,2020-09-24T10:00:08Z,UCDEwkjA9CX40IZbgiLPWkMg,37472
æ˜ ç”»ã€TENET ãƒ†ãƒãƒƒãƒˆã€ã®èˆå°è£ï¼ãƒ¡ã‚¤ã‚­ãƒ³ã‚°æ˜ åƒ,2020-09-25T03:00:02Z,UCRxDTCmIjgli-Xgh2KPE9dA,284337
TENET/ãƒ†ãƒãƒƒãƒˆ ã‚ªãƒšãƒ©ãƒã‚¦ã‚¹è¥²æ’ƒäº‹ä»¶ã®çœŸç›¸ã¨ã‚·ãƒ¼ãƒ³è§£èª¬ã€å°‘ãƒã‚¿ãƒãƒ¬ã€‘,2020-09-25T08:00:03Z,UC8AQxRa-WTwfWCJgkOKWxOQ,153286
TENET - Main Theme (Piano Version),2020-09-25T13:00:12Z,UCs7O9sOUQiBGBxaaAguIwig,548317
TENET Inspired TIME REVERSE Effect Premiere Pro Tutorial,2020-09-25T13:51:43Z,UCpLfM1_MIcIQ3jweRT19LVw,63636
TENET | TV Spot,2020-09-25T18:00:02Z,UCeIOoNlLlzHImdsuCqfGxQA,396
ã€TENET/ãƒ†ãƒãƒƒãƒˆã€‘ä¸»äººå…¬ã¨ãƒ‹ãƒ¼ãƒ«ã®ç›®ç·šæ•´ç†/ãƒ©ã‚¹ãƒˆã‚·ãƒ¼ãƒ³ã®è¬ã‚’ç‹¬è‡ªè€ƒå¯Ÿã€â€»ãƒã‚¿ãƒãƒ¬ã‚ã‚Šã€‘,2020-09-26T09:40:34Z,UC753llT6HLQ5QUR-hK6cuAw,10753
TENET/ãƒ†ãƒãƒƒãƒˆ ã‚¹ã‚¿ãƒ«ã‚¹ã‚¯12ã®æˆ¦ã„ã‚’è©³ç´°è§£èª¬ï¼†æ™‚é–“è»¸ãƒãƒƒãƒ—ã€ãƒã‚¿ãƒãƒ¬ã€‘,2020-09-27T09:45:01Z,UC8AQxRa-WTwfWCJgkOKWxOQ,125243
TENET - Airplane Crash Scene &amp; Hallway Fight - TENET (2020),2020-09-27T16:30:55Z,UCpvaq_zR_AbbmN1m1lqfBKg,14005
Tenet only at $41.2 M Box Office - Robert De Niro &amp; Vince Vaughn Only Hope?!,2020-09-27T21:13:58Z,UCAXR2zenCwvRIyQd9ydtfaA,72992
Temporal Pincer Building Destruction - IMAX Scene | TENET (2020) Movie Clip,2020-09-28T08:39:03Z,UCJhwg9DccTfqcrlNy9aG6Xw,59166
à¹€à¸—à¸¡à¸›à¸¸à¸£à¸° à¸„à¸­à¸¡à¹‚à¸š à¹‚à¸‹à¹€à¸¡à¹‡à¸‡ (prv.TENET à¸—à¹‰à¸²à¸¢à¸£à¸²à¸¢à¸à¸²à¸£) : GGcooking #99,2020-09-29T09:00:09Z,UCxCKl-K0sedNZp7xfWg0VTw,342377
COMMENT FAIRE LES EFFETS DE TENET!,2020-09-29T15:30:29Z,UCClbBLpq9Cnjvj8N3Mad02w,43959
Tenet | Ende ErklÃ¤rt + Analyse,2020-09-30T16:45:01Z,UCbPEXVauMQDM57fsRMEusjg,6456
ãºã“ã±ã€æ™‚ã‚’ã€Œé€†è¡Œã€ï¼ï¼Ÿï¼ˆæ˜ ç”»ã€€TENETï¼ãºã“ã±ï¼‰,2020-09-30T23:00:04Z,UCGMRl1NLHeMNOM4RJ34ae_A,7482
ãºã“ã±ãŒé€†è¡Œä½“é¨“ï¼ã€TENET ãƒ†ãƒãƒƒãƒˆã€ç‰¹åˆ¥æ˜ åƒï¼ˆãºã“ã±â€œæ™‚ã‚’æˆ»ãã†â€ç·¨ï¼‰,2020-09-30T23:09:17Z,UCSrwpEM8lBM4jR5YoKX3XOQ,32380
ãºã“ã±é€†è¡Œã«æŒ‘æˆ¦ï¼ã€TENET ãƒ†ãƒãƒƒãƒˆã€ç‰¹åˆ¥æ˜ åƒï¼ˆãºã“ã±ãƒ¡ã‚¤ã‚­ãƒ³ã‚°ç·¨ï¼‰,2020-09-30T23:09:48Z,UCSrwpEM8lBM4jR5YoKX3XOQ,9671
æ˜ ç”»ã€TENET ãƒ†ãƒãƒƒãƒˆã€30ç§’äºˆå‘Šï¼ˆç¾è±¡ç·¨ï¼‰,2020-10-02T03:17:48Z,UCSrwpEM8lBM4jR5YoKX3XOQ,42449
A Call to Spy,2020-10-02T04:02:01Z,UCsL8vpPe5JViLZBcy-K8gYw, 
TENET/ãƒ†ãƒãƒƒãƒˆÂ ã€Œãƒ‹ãƒ¼ãƒ«ï¼ãƒãƒƒã‚¯ã‚¹èª¬ã€ã®è€ƒå¯Ÿã¨å¦å®šæ„è¦‹,2020-10-02T09:45:00Z,UC8AQxRa-WTwfWCJgkOKWxOQ,51803
TENET/ãƒ†ãƒãƒƒãƒˆ ã‚«ãƒ¼ãƒã‚§ã‚¤ã‚¹ï¼†å°‹å•ã‚·ãƒ¼ãƒ³ã‚’å¾¹åº•è§£èª¬ï¼†æ™‚é–“è»¸ãƒãƒƒãƒ—ã€ãƒã‚¿ãƒãƒ¬ã€‘,2020-10-05T09:15:00Z,UC8AQxRa-WTwfWCJgkOKWxOQ,63206
L&#39;Ã‰CHEC DE TENET &amp; JAMES BOND REPOUSSÃ‰ ! (LA DÃ‰FAITE DU CINÃ‰MA),2020-10-05T16:00:03Z,UCouHAi3jWpC8lAqsoeM_zOA,26616
TENET Inception Ending Scene,2020-10-05T17:00:52Z,UC6FtXpH5OsviswIOC_-2Bbg,8233
"Le Quart d&#39;Heure Insolite â€“ Â« Tenet Â», regard d&#39;un physicien.",2020-10-07T20:05:03Z,UC5drQczMuxshL5fFzxX1cCg,36706
TENET - The Protagonist vs. the Inverted Man (Inverted Man&#39;s POV),2020-10-08T13:01:56Z,UCsuLQ1OVx9jSCyYW6e6-38A,22263
TENET - à®à®©à¯ miss à®ªà®£à¯à®£ à®•à¯‚à®Ÿà®¾à®¤ à®ªà®Ÿà®®à¯?ğŸ”¥ | Christopher Nolan Tamil | Tenet Review Tamil | Tenet TamilğŸ¥â³ğŸ”«â²,2020-10-08T14:43:35Z,UCPoVmMaXzgpFLbMKmOWhSDw,17150
Why TENET Is Ahead Of Its Time,2020-10-08T17:58:41Z,UC5KKwKPveHZcmvEQWTJCP_A,22474
è¬ã‚’è§£ããƒ’ãƒ³ãƒˆãŒéš ã‚ŒãŸâ€œæœ€é‡è¦ã‚·ãƒ¼ãƒ³â€ï¼æ˜ ç”»ã€TENET ãƒ†ãƒãƒƒãƒˆã€æœ¬ç·¨æ˜ åƒ,2020-10-08T23:00:01Z,UCDHBN6c7uHLyjZcxGdChZWA,5805
è¬è§£ãã®ãƒ’ãƒ³ãƒˆãŒ!?ã€TENET ãƒ†ãƒãƒƒãƒˆã€ç‰¹åˆ¥æ˜ åƒ,2020-10-08T23:00:13Z,UCRxDTCmIjgli-Xgh2KPE9dA,40457
éš ã•ã‚ŒãŸè¬ã‚’è§£ã‘ï¼æ˜ ç”»ã€TENET ãƒ†ãƒãƒƒãƒˆã€ç‰¹åˆ¥æ˜ åƒï¼ˆæœ€é‡è¦ã‚·ãƒ¼ãƒ³ç·¨ï¼‰,2020-10-08T23:18:19Z,UCSrwpEM8lBM4jR5YoKX3XOQ,135995
La seule vidÃ©o nÃ©cessaire pour tout comprendre sur TENET,2020-10-09T15:00:10Z,UC5-Gx0ueVuNRM1pC-pzEoSg,18578
ã€TENET/ãƒ†ãƒãƒƒãƒˆã€‘ç†ç³»ç›®ç·šã§ãƒ„ãƒƒã‚³ãƒŸã©ã“ã‚ã‚’åˆ†æã—ã¦ã¿ãŸã€ãƒ¨ãƒ“ãƒãƒªãŸãã¿/ãƒã‚¿ãƒãƒ¬å¤§é‡æ˜ ç”»è€ƒå¯Ÿãƒ»è§£èª¬ã€‘,2020-10-10T12:22:47Z,UCMutK6zOvD0EJuudaK9kOZw,12557
TENET - Soundtrack Cover,2020-10-10T17:00:09Z,UCSlVziyzbbOSGO7QvWvPEvA,686
TENET Explained Telugu | Understanding Tenet Part 1 | Time Inversion Explained Telugu | Daily Facts,2020-10-11T13:45:55Z,UCzOUcCiI8L6LulDyiy0EryQ,1367
ã€tenetã€‘Opera house explosion scene (Reverse),2020-10-12T07:42:41Z,UCzEVj2RnxcJ2G7CQZWsTt5Q,17218
ZEHNER | TENET Trailer (JSTIN Edit),2020-10-12T19:05:27Z,UCxDRHoRMfWWI9TOjJc3zOXA,2434
"Tenet, Feels Good Man, Mulan &amp; Sputnik - The Quest For The Best #7",2020-10-13T16:21:58Z,UCRbOPaGDB_xOQkVM8Rnn62Q,224833
TENET/ãƒ†ãƒãƒƒãƒˆ ã€ŒéŠƒå¼¾ã®è·¡ã¯ã„ã¤ã‹ã‚‰ã‚ã£ãŸã®ã‹ï¼Ÿã€å•é¡Œã®è€ƒå¯Ÿã€ä¸€éƒ¨ãƒã‚¿ãƒãƒ¬ã€‘,2020-10-15T09:15:01Z,UC8AQxRa-WTwfWCJgkOKWxOQ,75501
&quot;Tenet&quot;: CrÃ­tica en 10 puntos,2020-10-15T23:13:13Z,UC3NctfdJd_FlGgDANqQwc2Q,3703
TENET 60 Second Review (NO Spoilers) | CinemaWins,2020-10-16T23:47:10Z,UCL8h3ri2WN_-IbviBlWtUcQ,78662
Episodio 97 - Tenet,2020-10-18T00:57:10Z,UCQih6znojMiMpA999A9Md8Q,5
Tenet - Trucks in Place best scene,2020-10-18T07:56:09Z,UCIGdHVDvRrrCFP42NGoSbVg,1729
ãƒãƒ¼ãƒ©ãƒ³æ˜ ç”»ã¯é¢ç™½ã„ï¼Ÿã¤ã¾ã‚‰ãªã„ï¼Ÿã‚†ã£ãã‚Šé›‘è«‡ã—ã¾ã™ã€TENETã»ã‹ã€‘,2020-10-18T09:54:48Z,UC8yFWjV_YbZU8E-9Pjn8heA,9248
How They Came Up With Tenet (í…Œë„·ì´ ë§Œë“¤ì–´ì§„ ê³„ê¸°) - ìë§‰ìˆìŒ,2020-10-18T11:00:14Z,UCdH-Hx1BRlBk77TjSEkQzJQ,137
TENET - Posterity - Violin Cover,2020-10-18T15:30:01Z,UCMAfPv8oTNGjMi6Sv4fx7Eg,491
Un Astrofisico Commenta TENET e i viaggi nel tempo,2020-10-18T17:35:44Z,UCqeIh2DOh4w4iXAGPFtb2Jw,890
"Falsos Humano,Mascaras Transparentes,Tenet,Olhos sem Rosto,Fundilhos de Calcinha,Rec.Facial,M.Calkin",2020-10-19T17:20:04Z,UC-hfm_QBWnqTs8HS3DZSdCA,527
"Nuevo Blockbuster de JapÃ³n, Liam Neeson vuelve a los cines, taquilla actualizada de Tenet.",2020-10-19T23:04:30Z,UCNz3BiQfJh197g0CdZpcTow,8764
TENET/ãƒ†ãƒãƒƒãƒˆÂ ã€Œé™½é›»å­ã¯æ™‚é–“ã‚’é€†è¡Œã™ã‚‹ã€ã®æ„å‘³ï¼†ã“ã®æ˜ ç”»ã®ã‚³ãƒ³ã‚»ãƒ—ãƒˆã‚’è§£èª¬ã€æ ¸å¿ƒãƒã‚¿ãƒãƒ¬ãªã—ã€‘,2020-10-20T09:00:19Z,UC8AQxRa-WTwfWCJgkOKWxOQ,32364
ã€LIVEé…ä¿¡ã€‘2020.10.20ã€€TENETã‹ã‚‰ã®ç›¸å¯¾æ€§ç†è«–ã¨ãƒ¨ãƒ“ãƒãƒªã•ã‚“ã§ã€è¦–è´è€…ã«æ”¹ã‚ã¦æ„Ÿè¬ã—ãŸè©±ã—,2020-10-20T14:03:34Z,UCg1v3vxP1Osd4urq4Jqrdug,5986
Tenet - CrÃ­tica por Mario Giacomelli,2020-10-20T16:55:56Z,UCF_e4D6Tael1JtyHbkMbfZA,416
Jewel Changi Airport - TENET Style Time Inversion Photo Walk Singapore // æ˜Ÿè€€æ¨Ÿå®œ - å¤©èƒ½å¼æ—¶é—´é€†è½¬æ¼«æ­¥,2020-10-21T04:00:05Z,UCrEVJF0oqvUPPlR8l3x1Ovg,620
ã€TENET ãƒ†ãƒãƒƒãƒˆã€ãƒã‚¿ãƒãƒ¬å…¨é–‹é›‘è«‡ã€å®Œçµç·¨ã€‘ï¼ˆå®‡å¤šä¸¸Ã—ãƒã‚·PÃ—å¤å·è€•Ã—ç°‘å’Œç”°D),2020-10-21T18:33:13Z,UCwPrW2PAo3YGcTMLh1UZjcA,6971
Tenet Review - You Might Not Like It,2020-10-21T19:50:01Z,UCGXWn--Wg3ns4wgpCGI3EdA,358
John David Washington Faces Challenges Releasing &#39;Tenet&#39; During Pandemic | Jemele Hill is Unbothered,2020-10-21T21:53:28Z,UC25GHmlU1I-zbNcZe7a-aiQ,324
TENET (2020) - FÄ°LM Ä°NCELEME / TÃ¼r: CASUSLUK - BÄ°LÄ°MKURGU / IMDB: 7.8,2020-10-22T10:05:21Z,UC4gDq3y7eOm-2FEC8BZHAYA,92
ã€Šä¿¡æ¡ã€‹ç”µå½±å®Œæ•´ç‰ˆï¼ˆTenetï¼‰2020çº¿ä¸Šçœ‹ 1080p #215,2020-10-22T15:14:49Z,UCijI9h8JccDwTGaQN7QZi0Q,52
Tenet is Trash/Boring/Waste of Time,2020-10-22T16:28:55Z,UCtrpH7mfa1-IADYKmlqSXwA,15
TENET Soundtrack - POSTERITY - Remmake By Husam Nadhim,2020-10-22T18:15:11Z,UCVTqsyJhlMB7XKE_uiPMRww,156
Tenet Trailer - Music by Nicholas William Bailey,2020-10-22T20:33:59Z,UC3RJeF6qRtmBkRrxI6b8s2A,69
Ø§Ù‚ÙˆÙŠ Ø§ÙÙ„Ø§Ù… Ø§Ù„Ø§ÙƒØ´Ù† Ùˆ Ø§Ù„Ø§Ø«Ø§Ø±Ø© Ø§Ù„Ø¬Ù†Ø³ÙŠØ© ÙÙŠÙ„Ù… &quot;tenet&quot; Ù…ØªØ±Ø¬Ù…,2020-10-22T22:09:09Z,UCuwfo7E9N0GUU94U6_r3S4w,92
SPOILERS ALERT!!! Tenet Opera House Siege Explained,2020-10-23T12:19:32Z,UCtHGA7jG_T7cK9EE5MOJHDQ,846
IronVerse Interviews: Tenet&#39;s Tales and Brandon EDITION,2020-10-23T13:29:59Z,UCBavlxxl_uaYArEcgx1-SyA,27
Tenet TV Spot 28,2020-10-23T17:39:07Z,UCpK8E2G8cPaRE8WdfP-wBqA,417
We Remade &#39;TENET&#39; For Only $20,2020-10-23T19:00:04Z,UCjD2KyAEm84yVH8cTilID7Q,71455
CrÃ­tica del cine en pandemia + TENET | Modo serio ğŸ¬,2020-10-23T19:00:12Z,UCxuDqyZAtwmuY-_55R1IH7w,129
TENET Rant: a 7/10 disappointment,2020-10-23T20:07:13Z,UCWEnp_YjdbD7WFAGyY_zyDw,100
TeNet Movie_Clip Song ğŸµğŸµ,2020-10-23T20:11:58Z,UCQ3xdK6v__u0SxcHD3dM1HQ,15
[HF288] Mundo Sherlock Holmes - Tony Hawk&#39;s Pro Skater 1+2 - Tenet,2020-10-23T22:29:27Z,UCZDbFlA4kWJnI-SqcRuj4Ow,54
ã€TENETã€€ãƒ†ãƒãƒƒãƒˆã€ãƒ‘ãƒ­ãƒ‡ã‚£CMç¬¬3å¼¾ !ã€€ä½œã£ã¦ã¿ã¾ã—ãŸ !!,2020-10-23T23:49:32Z,UCF3eHH0xllIT_0i8OZiaY2g,299
How to download Tenet Movie,2020-10-24T01:48:48Z,UCagotghkhyr8Ok7IbRSS4Bw,74
æ˜Ÿåº§å¤©èƒ½âœ¡ï¸åäºŒæ˜Ÿåº§ä¿¡æ¢ï¼Œç§’æ‡‚æ˜Ÿåº§å…§å¿ƒğŸ’TENETå¤©èƒ½ğŸ’æ˜Ÿåº§æ ¸å¿ƒè¨­å®šï¼Œå…§åœ¨è²éŸ³ï¼Œè‡ªæˆ‘äººè¨­âœ¡ï¸æ˜Ÿåº§çµ‚æ¥µä¿¡æ¢ï¼Œå¦‚ä½•å½±éŸ¿æ€§æ ¼å’Œç”Ÿå‘½ç‰¹è³ª,2020-10-24T04:30:01Z,UCrjHREfUxryH0Xj4Uaq2PLw,258
#TENET #å¤©èƒ½çœ‹å¤ªå¤š #lowbudget   å¤©èƒ½2-é«˜èƒ½ | å¤©èƒ½æƒ¡æç‰ˆé å‘Š | TENET low budget,2020-10-24T06:27:09Z,UC6l3b3kBFrGxjS0WJClbxBg,152
Christian Perspective of Tenet Explained (Christopher Nolan movie 2020),2020-10-24T06:31:44Z,UCeVI-mknk8fgRFOvktdsRgA,16
Episode 18   Tenet 2020,2020-10-24T07:00:04Z,UCpg8zeVXk_HK5BsWuDC-75A,18
Tenet 2020 film streaming complet en franÃ§ais,2020-10-24T08:01:04Z,UCEXKwSIKqzcdgdlw3nRbBFA,164
TENET (2020) |  Cegah Perang Dunia III Lewat Time Inversion,2020-10-24T08:17:54Z,UCrawlaQkTJSRf0imFCn8jXw,3
TENET - Final Trailer,2020-10-24T08:43:46Z,UCCvzSbl89QwH8sLS-Zm1KdA,27
ã€TENETï½œãƒ†ãƒãƒƒãƒˆã€‘æ™‚é–“ã‚’é€†è¡Œã™ã‚‹ã¨ã©ã†ãªã‚‹ã®ã‹ï¼Ÿã€é€†å†ç”Ÿã‚¢ãƒ‹ãƒ¡ã€‘,2020-10-24T10:45:14Z,UCMwrhTL0-21DvHdJ6v1m38A,175
Reversing the TENET OST,2020-10-24T11:14:09Z,UClzxG6gGNmY3yEpHSiH8M1A,36
ã€é€†å†ç”ŸASMRã€‘TENETç¾è±¡å†ã³!?ã™ã¹ã¦ãŒæˆ»ã‚‹ä¸æ€è­°ãªéŸ³ã®ä¸–ç•Œã¸ï¼ãƒœãƒ¼ãƒ« æŠ˜ã‚Šç´™/ Reversed videoã€ã‚ã‚†ã¿ãƒãªã€‘ã€ç¸¦å‹•ç”»ã€‘,2020-10-24T12:00:11Z,UC1tgC4ScNTj-C-TYluwfomg,1508
DIFFERENCE BETWEEN TENANT AND TENET,2020-10-24T13:22:55Z,UC2GzQwY3dvM_Mafv61PD4Bg,16
Heat Shootout Scene Rescored (HD) (Inspired by Ludwig GÃ¶ransson&#39;s Tenet),2020-10-24T13:34:28Z,UCjbEzZYxK2eOPPxxBh8OdwA,542
Wearing Hats; Reviewing Films - Tenet (ft. The Movie Surgeon),2020-10-24T14:00:05Z,UCpRJsqSFWk26sDXtdefT3Zw,38
ã€é€†è¡Œã™ã‚‹ä¸–ç•Œã€‘æ˜ ç”»TENET ãƒãƒ£ãƒ¬ãƒ³ã‚¸  ãƒ­ãƒ¼ãƒ‰ã‚¹ã‚¿ãƒ¼RF,2020-10-24T15:54:34Z,UCmOyyAYz7_pzOi5pS2Hu7iw,2759
TENET: Nolans groÃŸes Spektakel/Debakel,2020-10-24T16:34:30Z,UCEArjczyOmbfLOWaPPGGENw,375
Trucks in Place - Captain America vs Ultron Fight Scene with TENET Soundtrack,2020-10-24T16:40:13Z,UC6FtXpH5OsviswIOC_-2Bbg,1488
Worth Watching Reviews #1 TENET | FILM REVIEW | SPOILERS | MOVIES | DISCUSSION,2020-10-24T18:37:02Z,UCN9pO180E9a26auhg5BjTkw,54
TENET &amp; Casino Royale: Where one frustrated and the other worked,2020-10-24T19:00:11Z,UCki4-OY0f7tJ9smL6CK4tWA,61
TENET MOVIE REVIEW,2020-10-24T19:00:53Z,UCsdZ1vuZiCj3u3VXt0pV9xg,53
TENET video iPhone 11 cinematic,2020-10-24T20:03:38Z,UC_Q7mIx3EX0WgvMubSJfsyw,188
Tenet Film Analysis &amp; Review,2020-10-24T21:14:59Z,UCXmOgYnJMML019vxmL8kagA,31
Tenet (2020) First Opening Sequence In BluRay,2020-10-25T05:42:23Z,UCke39fxsp0Avg7eDbLI3bug,57
Tenet (2020) Movie Bullet Reverse Scene In BluRay,2020-10-25T05:44:06Z,UCke39fxsp0Avg7eDbLI3bug,63
ã€TENETã€€ãƒ†ãƒãƒƒãƒˆã€ãƒ‘ãƒ­ãƒ‡ã‚£CMç¬¬4å¼¾ !ã€€ä½œã£ã¦ã¿ã¾ã—ãŸ !!,2020-10-25T08:04:16Z,UCF3eHH0xllIT_0i8OZiaY2g,166
TENET vÃ¡m odbouchne hlavu (BEZ SPOILERÅ®),2020-10-25T10:32:36Z,UCJgbSL-o1XBqerBrHGe74vQ,44
ã€è€ƒå¯Ÿãƒ»æ¤œè¨¼ã€‘ãƒ†ãƒãƒƒãƒˆã¯SFã§ã¯ãªã„ã€Œä¸ç¢ºå®šãªéå»ã€ï¼ˆæ˜ ç”»ï¼šTENETï¼‰,2020-10-25T11:00:11Z,UCZt9ef5mduqqWWlYjanvNvQ,9480
Homaging TENET.. Parkë¶„ë¥˜ë²• (Parkâ€™s classification)â€“ Finger Replantation TV â€“ Extra episode #13,2020-10-25T13:47:48Z,UCibhlZppY-WguJtp909r5Vw,31
Tenet Main Theme OST å¤©èƒ½OST with Free Sheets,2020-10-25T13:55:01Z,UCYH1eZjYSdd9MSo-f0qew7w,37
à¦®à¦¿à¦¸ à¦•à¦°à¦²à§‡à¦‡ à¦®à¦¿à¦¸ à¦†à¦ªà¦¨à¦¿à¦“ à¦¦à§‡à¦–à§‡ à¦«à§‡à¦²à§à¦¨ à¦œà¦²à¦¦à¦¿ à¦®à§à¦­à¦¿à¦Ÿà¦¿ | Tenet Movie Review Bangla | 2020 Best Time Travel Movie,2020-10-25T14:15:00Z,UCRYb48EGIGEhKvamdwl3ocA,185
TENET - HORS CHAMPS #1,2020-10-25T16:00:02Z,UCQAroAfC-ztK1xOY5lnmC6Q,46
Trying to explain Tenet!?!?- The 18 Podcast Episode 2,2020-10-25T17:27:03Z,UCTAiBt8rtK9gpXZRGaarnKQ,74
"Tenet fracaso, Battlestar Galactica, Wandavision, Shazam 2,  Black Adam y mÃ¡s noticias frikis",2020-10-25T20:56:59Z,UCKhMkKdznOp0M2wV9YsVh0A,251
"FILM REVIEW: Tenet by Christopher Nolan, elegant and sophisticated film.",2020-10-25T23:58:12Z,UCsHcCsuU1tm1hcn8n6-1AdA,31
Tenet CHRIS NOLAN REACTION + REVIEW!,2020-10-26T01:35:39Z,UC2A_aLzy39mTMtcq9m97QpQ,42
CrÃ­tica / reseÃ±a de la pelÃ­cula Tenet,2020-10-26T02:00:16Z,UCCLtmt_fv1WnOi3ztL1QnOQ,46
Christopher Nolan Special Mashup 2020 | Director Christopher Nolan Special Video | Tenet,2020-10-26T02:30:47Z,UCSFRLapBTHOI3CzsmiBHLgA,33
Tenet Main Theme OST å¤©èƒ½OST with piano tutorial,2020-10-26T02:59:01Z,UCYH1eZjYSdd9MSo-f0qew7w,39
Tenet | Full Movie Review In Hindi | Hollywood New Action Movie Review in Hindi 2020 | Umair Ashraf,2020-10-26T03:09:02Z,UCqAZwFqlUUXVThGlVwnNBrQ,38
Analizando La TeorÃ­a de TENET,2020-10-26T08:26:49Z,UChwHGcdXX9t9cW_jm6_imWA,19
GTAVã§ä¸€äººTENETã‚„ã£ã¦ã¿ãŸã€€GTAV TENET CUSTOM â™¯8 Time Pinching,2020-10-26T11:01:22Z,UCbVKbaK_QuUyGMYpg1WMtxw,52
ã€Œãƒ†ãƒãƒƒãƒˆ/TENETã€vol.1ğŸš¶â€â™‚ï¸æ™‚é–“ã‚’æˆ»ã£ã¦æœªæ¥ã‚’æ•‘ãˆï¼ã€Movie Reviewã€‘â€»ãƒã‚¿ãƒãƒ¬ã‚ã‚Š,2020-10-26T12:07:14Z,UCPH3VblpvSN-lCl_vnzm4WA,43
"Tenet 2020 [ FULL MOVIE ENGLISH ] Action, Sci-Fi John David Washington, Robert Pattinson",2020-10-26T13:45:01Z,UC5rcNwYKCdRurpdN30GXNHg,39
Tenet (2020) FULL MOVIE In Description,2020-10-26T14:18:20Z,UCFwMK35XFwCBwlRj97VKTcA,17
Tenet movie 2020,2020-10-26T16:45:21Z,UCNb6gDEfpA3sNBaBocacbtA,11
TENET Full Movie 2020 HD 1080p |w/ subtitle|,2020-10-26T16:48:37Z,UCOqr_PyOuDjBGP99Hl1Sr8A,46
"Akuza e rÃ«ndÃ« e BerishÃ«s: Shefi i CIA-s George Tenet, njÃ« gÃ«njeshtar i lindur",2020-10-26T20:02:10Z,UCIZljxye3AxgcLe-HMLHQyQ,1
TENET - Foils (Piano Tutorial Synthesia),2020-10-26T21:00:14Z,UCZaAxpykOgRdx87OYHMQmmA,78
TENETã«ã¤ã„ã¦è€ƒå¯Ÿ&amp;æ„Ÿæƒ³part last(ãƒã‚¿ãƒãƒ¬),2020-10-26T23:47:28Z,UCtdVH6FifD7Xm0HasYBaxdA,5
O tema secreto de TENET: review SEM SPOILERS  â”‚ CANAL GAY NERD,2020-10-27T00:45:26Z,UCEZE-1x-3Femnsm3A3mPMvw,0
Tenet (Christopher Nolan) - CrÃ­tica do filme | Formiga ElÃ©trica,2020-10-27T03:02:35Z,UCY7Be4UzUgXSBmir4FxZykA,0
